videoId,title,date,duree_sec,vues,likes,commentaires,type
pzxtGL9kzPs,Try Not To Get Slimed,2026-04-24,32,41032003,540885,8492,short
yy-Nt0dRhNI,Winner Picks Our Honeymoon,2026-04-21,52,66273268,1314380,14046,short
zRtGL0-5rg4,"Last To Leave Grocery Store, Wins $250,000",2026-04-18,2577,99741202,2547082,140742,video
mFWpUx3FiyU,Guess The Animal,2026-04-17,45,97540332,1607008,9607,short
6W_841xoprg,Can a Window Stop a Wrecking Ball?,2026-04-14,30,59634073,1392328,10335,short
VIJLIo5yT1I,Don’t Eat The Spicy Yoshi Egg,2026-04-10,56,82481560,1531446,10869,short
uNu6XEPTy5g,$1 or Mystery Vial?,2026-04-07,35,37272992,1173112,13106,short
DXVHmGoCTco,"50 Streamers Fight for $1,000,000",2026-04-04,2971,98129508,2448020,164622,video
_JUlWtSCNbs,Who's The Strongest Streamer?,2026-04-03,26,231874206,4087520,14464,short
AKC50SZQFN8,Spreading Rumors About Streamers,2026-04-02,36,12713974,356030,7156,short
897gvApD6V4,Will a Zebra Subscribe to me?,2026-04-01,8,518412106,2559733,17820,short
Z9NxQdQ8Rpg,"Bring Me A Glass Of Water = Win $10,000",2026-03-26,41,22108982,673774,12755,short
JFtlf8RoPZY,Trapped On An Island Until I Build A Boat,2026-03-21,1813,114033636,2610089,113061,video
jCE1Ol3PYDs,"I Hid $1,000,000 In This Vault",2026-03-20,58,35136281,1452604,16174,short
IqL-ZunFfpk,"Pop The Balloons, Win $10,000",2026-03-17,22,75205529,1419210,12149,short
purAsH7pXTQ,"5 Strangers Split $100,000",2026-03-13,64,53999644,1589885,18710,video
IEuDUhGIJ5c,My Chocolate Factory Blew Up,2026-03-10,70,16474577,833166,19021,video
AoN1K4c7VKE,"Survive 30 Days Stranded With Your Ex, Win $250,000",2026-03-07,1804,116712137,2325116,145861,video
IcuJ3vO_t3k,Would You Steal Money From A Stranger?,2026-03-06,27,73096700,1898469,10320,short
c9VS_cgInT4,"Subscribe, I’ll Double Your Bank Account",2026-02-28,31,193107361,2160248,20869,short
KaUuPNYHFNg,I Built a School in Mexico,2026-02-22,40,19772738,769247,14155,short
5OLs1GWB4OA,I Built 10 Schools Around The World,2026-02-21,965,60412740,2281109,94078,video
hjkbqeWQAM8,"Every Step You Take, Win $1,000",2026-02-18,42,93179293,1404924,8725,short
XbaZ45LVzzM,Surprising My Fiancée With A Chocolate Heart,2026-02-12,37,80344863,1983605,16055,short
gar4U3n-ILY,Guess What Age Punched You,2026-02-09,37,282407798,4104630,29072,short
9WEQts7b8Pw,"Ages 1 - 100 Race For $250,000!",2026-02-07,1411,103335714,1637047,83928,video
toIeUtplfWQ,Is Being Smart or Strong Better?,2026-02-06,40,118907117,2279146,8628,short
_sBRk9ADpK8,"Flip a Coin, Win $30,000",2026-01-27,47,1019318982,7804495,36763,short
kNLr-cduzuo,Wait... Was He Famous?,2026-01-25,14,146222562,3393690,30146,short
pAnGwRiQ4-4,"$1 vs $1,000,000,000 Futuristic Tech!",2026-01-24,1384,135187743,2992128,88218,video
wSh8fAFWEWs,Survivor vs Beast Games,2026-01-16,28,33615339,831484,14230,short
3GNyw4uaAqU,Subscribe for an iPhone,2026-01-13,15,1214763832,6705388,176608,short
ywIcdSNJolo,Pass the Phone,2026-01-09,23,78381570,1789378,13139,short
QJI0an6irrA,"30 Celebrities Fight For $1,000,000!",2026-01-07,2499,120979449,2596103,118316,video
mktYW177p6U,Guess the Animal,2026-01-06,53,395163568,5315185,18623,short
7aE4EhHXzlA,I Paid Everyone Stuck in Traffic,2025-12-26,27,97151499,2726137,40554,short
IJkB-oapuks,"Giving Away $1,000,000 in Gifts To My Subscribers",2025-12-21,19,1219077792,8497234,194736,short
ZFoNBxpXen4,"Survive 30 Days Trapped In The Sky, Win $250,000",2025-12-20,2246,178191444,2875720,109236,video
RB71Z-vVvCc,"Find The Real Celebrity, Win $10,000",2025-12-19,33,205808240,4065145,14644,short
fO5FwBcCJBY,"Would You Date Him for $10,000?",2025-12-12,33,147238554,3630433,23799,short
U-x6KxH1kB4,How Many People to Pull a Plane?,2025-12-06,27,44136864,907834,13639,short
8bMh8azh3CY,100 Pilots Fight For A Private Jet,2025-12-06,1726,143361852,1913077,72999,video
SE9xF1l3ZwE,"Hit The Target, Keep The Prize",2025-12-05,26,53720005,1187533,10073,short
rF00lQ_upzg,"Whatever You Hold Onto, You Keep",2025-12-02,26,67092197,906390,11673,short
uZY9xr-QAk0,"Flip a Coin, I’ll Pay For Your College",2025-11-28,34,287111047,4813751,23208,short
AWBsoArakNY,Who Has The Fastest Reaction Time?,2025-11-25,31,82050937,1750259,8457,short
Ah_uuTwGOYU,World's Strongest Man Vs Robot,2025-11-22,1104,122655072,2051366,67077,video
HISfrcjiNPM,I Surprised 50 Make-A-Wish Kids With Disneyland,2025-11-21,29,44996794,1032467,13211,short
WROMyJAJmp4,Can I Beat An F1 Driver?,2025-11-18,11,321178457,2810563,12599,short
tAwzBYE18Us,How I Became MrBeef,2025-11-16,46,38104221,1385088,17882,short
LyFMbY-c_Lc,I Raced Noah Lyles,2025-11-14,32,368945986,4399756,11457,short
3RmOvxilbPM,100 People Vs World’s Biggest Trap!,2025-11-08,1843,113749595,1948307,84342,video
R7MkZL5i3FQ,Giving Trick-or-Treaters Weirder and Weirder Gifts,2025-11-07,27,178468349,1853678,13087,short
26QQE7EsnLA,MrBeast Lab Disaster!,2025-11-03,67,36316900,1362008,16523,video
PryTbmudhS8,Can We Stop World's Best Tennis Player,2025-10-31,23,100732165,1561839,12084,short
Oo9EbArcQ1c,"I Saved 1,000 Animals From Dying",2025-10-25,1056,186102203,3340292,60082,video
yWEUL3crU_E,I Baked a Cake In a Race Car,2025-10-21,38,45777223,838832,7949,short
JgJrQnDIRgg,"First to Answer the Phone, Wins $10,000",2025-10-17,46,70598834,2080418,10113,short
gtkqnhN0VkU,"Answer The Door, Win $10,000",2025-10-14,31,92214750,2626684,55845,short
oBXSvS2QKxU,100 Kids Vs World's Strongest Man!,2025-10-11,1641,168176969,2833217,52366,video
UTdcX1e0cMA,"Jump Over The Lava, Win!",2025-10-10,63,79844548,2135869,12303,video
oiZvK6MY7tI,"Call Your Ex, Win $10,000",2025-10-07,34,122040782,3020656,11038,short
F0OkwXKcPSE,Hi Me In 10 Years,2025-10-04,194,60652000,3669163,113997,video
686PL7rt654,World’s Fastest Dinner Date,2025-10-03,34,295401626,3892217,13676,short
zo7i8VTpfNM,"Would You Risk Dying For $500,000?",2025-09-27,1526,129045141,2257325,31690,video
NfhuGUyWYfQ,Would Your Grandma Go Skydiving?,2025-09-26,42,94295184,2549326,9190,short
wIpWCJKfRXs,I Cooked A Pizza With Power Tools,2025-09-23,40,601683820,10274682,54060,short
9Xeepzg1B8I,Which Celebrity Punches The Hardest?,2025-09-19,47,175229448,3452840,10345,short
50G0kIty7Cg,"Answer The Call, Win $10,000",2025-09-16,39,936096262,9718903,25548,short
4l97aNza_Zc,"Survive 30 Days Chained To Your Ex, Win $250,000",2025-09-13,2224,226230764,4089536,67925,video
3ih2bPKSWsQ,I Arrested IShowSpeed,2025-09-12,35,92766091,2526454,7363,short
uA9Zcg3vHvo,I Raced IShowSpeed,2025-09-01,47,536688586,8912928,11792,short
_AbFXuGDRTs,"$1 vs $1,000,000,000 Nuclear Bunker!",2025-08-30,1038,165139606,2927909,37928,video
MOGW3v3pJ5Y,1 Subscriber = 1 Penny Donated,2025-08-29,18,625115828,23234626,31409,short
XNtTO_339kU,"Pick The Wrong Tube, Get Slimed",2025-08-27,36,142225683,3112967,9371,short
rB9NynBZ4go,Reaction Time Challenge,2025-08-19,29,147427109,2224448,11300,short
TDv56whosPQ,"Survive 100 Days In Prison, Win $500,000",2025-08-16,2376,153522216,3114518,43079,video
R_BmT1OJw98,Every YouTube Play Button I Have,2025-08-15,15,262292041,3763599,22422,short
vpRW4JhzfSE,1 Subscriber = 1 Second In The Arctic,2025-08-08,17,100143791,2851500,12453,short
qXW93Cois2s,Guess What Hit You,2025-08-05,32,92688996,1530461,6618,short
r7f0L48dHpc,$1  = One Year of Clean Water,2025-08-02,32,154988846,4336893,18528,short
Z4hVGCWH1Kc,"2,000,000 People Get Clean Water For The First Time!",2025-08-01,620,107897868,2407174,46654,video
zxuICI0kL3s,"Don’t Turn Around, Win $10k",2025-07-31,31,451425123,7733518,11971,short
R1SFXJo-FlE,Subscribe To Explode The TNT,2025-07-29,19,317141399,4855964,13857,short
lQz5aqjZ3lQ,"Find This Briefcase, Win $10,000",2025-07-25,67,242681604,6008150,17922,video
EiFcNbXBqeo,Jet Engine vs Human for $10k,2025-07-20,24,152561393,2357232,7202,short
pzBi1nwDn8U,"Survive 100 Days Trapped In A Private Jet, Keep It",2025-07-19,1983,142084686,3466212,46130,video
R7oW0LwS_e4,I Met Neymar,2025-07-11,10,117205410,1901181,16435,short
BfKI_TQnQvo,I Raced A Cheetah,2025-07-06,20,152516118,3272924,14668,short
FWAdfuPpLOc,World's Fastest Car Vs Cheetah!,2025-07-05,1237,225751119,3487031,47308,video
NjlP2_l1Wr0,"You Lose, You Get Shot",2025-06-30,36,111546083,1830560,6772,short
gGcaGdHlt60,"If You Spill, You Lose!",2025-06-25,19,444647874,3926051,8147,short
pe_ejTiIcSs,"Lose 100 LBs, Win $250,000!",2025-06-21,2210,244109121,6821384,115599,video
V6In4tmd-w8,"$1 vs $25,000 VFX",2025-06-19,23,109367429,2566865,14270,short
ZGvn9ywXjpY,Feastables vs Reese’s Taste Test with @gordonramsay,2025-06-10,33,488012932,7901666,24369,short
hTSaweR8qMI,"$1 vs $500,000 Date",2025-06-07,1042,177883928,3553139,62440,video
KCRLP-zBacU,Can I Teach a Penguin To Subscribe?,2025-05-31,9,857662626,8361037,20945,short
c2ukL_zjFCk,Extreme Helmet Game,2025-05-28,32,198316618,3671059,7905,short
DZIASl9q90s,"Beat Neymar, Win $500,000",2025-05-24,1673,158673271,3533453,80294,video
7qY-qalCI2Y,"Grab The Rolex, Keep It!",2025-05-21,23,229211791,3334417,10184,short
N0pwLtonPdg,Slippery vs Sticky Stairs,2025-05-16,36,841831952,9124629,30167,short
-4GmbBoYQjE,I Survived 100 Hours In An Ancient Temple,2025-05-10,946,134263375,3042880,78332,video
0yPgljFcTR4,"Subscribe to Win $50,000",2025-05-07,15,94113498,4440172,169227,short
TN1wErFGTzM,"Find This Key, Win $10,000",2025-05-05,39,59340106,1762965,8126,short
3dxksf0CzS8,World’s Fastest Robbers,2025-05-02,32,339420543,6196103,15422,short
x7yv72s8h0o,Would You Go On Vacation With A Stranger?,2025-04-29,63,361049447,9501164,29019,video
uyiG6uw-6pA,"Would You Risk Drowning for $500,000?",2025-04-26,1546,209201386,3248928,43533,video
M1STzb7k9L8,Extreme Helmet Game,2025-04-25,23,238803063,2422252,5401,short
7K-yxGWYsnk,"$10,000 Human Shuffleboard",2025-04-22,40,580887369,6666483,5727,short
Tbn4cYCaZCk,"Drift This Car, Win $10,000",2025-04-16,20,539676818,6814205,11493,short
figrl0aOULs,Click This Video To Feed 1 Person,2025-04-12,629,76934117,4255181,73370,video
Uxc84UUrVHk,You Can Stop Child Labor,2025-04-11,58,113438991,4259946,27205,short
BzKaMelDzqo,How Fast Can I Go?,2025-04-05,18,185799438,2885290,9249,short
4yx9ZJDfyKk,Baseball Tic Tac Toe vs MLB Pro,2025-03-27,27,71075057,1590840,7521,short
kPa_S6jN9ls,Could You Win This Obstacle Course?,2025-03-25,34,114413486,1988675,10493,short
69g-YcbmgQA,"Find Your Dog, Win $10,000",2025-03-23,36,561771369,12487968,11774,short
aKq8bkY5eTU,I Survived The 5 Deadliest Places On Earth,2025-03-22,803,180094484,3286827,55237,video
TNtpUQbW4mg,This Is How The Pyramids Were Built,2025-03-18,13,400022073,8865155,24925,short
TgCm8oDmxOk,I Crashed One Of The Most Expensive Cars In The World,2025-03-14,16,120768703,2630660,7387,short
954wJ3uHVAk,Last One To Fall Wins,2025-03-08,30,153424885,4141565,8806,short
zajUgQLviwk,"Last to Leave Their Circle Wins $500,000",2025-03-01,2318,197406429,3100452,84114,video
PXevNM0awlI,"Highest Away From Me Wins $10,000",2025-02-28,50,624655780,12209796,13261,short
PuQ5UxKUY48,"Find The Human, Win $10,000",2025-02-24,41,370961720,7759128,9380,short
L5ihmu87xTE,"Find This Stranger, Win $10,000",2025-02-19,61,715176401,17139791,14576,video
nAiKLoCP-kU,"Reach the Money, Win $10,000",2025-02-14,25,524564458,7966103,10652,short
NDsO1LT_0lw,I Spent 100 Hours Inside The Pyramids!,2025-02-08,1303,228109370,5346914,100559,video
sF5LYGgKbUA,Every Minute One Person Is Eliminated,2025-01-25,2086,167139775,3178130,76996,video
MFpWEKN9c6Y,"Last Person Hanging Wins $10,000",2025-01-21,43,598502119,13379004,16893,short
TRxMLLuWIhw,Subscribe For An iPhone,2025-01-17,17,294530781,28191018,232704,short
SM66GDRyIVY,"I Helped 2,000 People Walk Again",2025-01-11,931,140214937,3005712,55870,video
EvqtfK_RaRg,This obstacle course is WILD,2025-01-10,32,222256068,3987490,5681,short
3cWm9B_0_kI,How Many People To Stop Ronaldo?,2024-12-27,21,593634320,12417049,31019,short
qtWqHIx8Z-o,"Last Person Standing Wins $10,000",2024-12-22,48,685477715,13683162,10890,short
gs8qfL9PNac,"2,000 People Fight For $5,000,000",2024-12-19,1485,198170254,4636908,51389,video
DBPYB8WkkDc,Bring Me Back Snow From The North Pole,2024-12-10,55,727306924,18840830,16269,short
zvBXpoBegwE,I Got T-Series To Subscribe To Me,2024-12-09,31,222100509,8639677,17231,short
SWc8fI_9iqA,Ronaldo Teaches Me How To SIUU,2024-12-01,15,373964800,9534651,37350,short
0BjlBnfHcHM,"Beat Ronaldo, Win $1,000,000",2024-11-30,1365,362695491,8326090,120853,video
HcL1EQ5qD_g,Confronting Ronaldo,2024-11-29,21,271693364,13226609,33255,short
dc089EZRGcg,How Many Balloons To Make A Store Fly?,2024-11-18,22,509725811,10885300,14190,short
vXNtju4VFm4,Restocking MrBeast Labs at Walmart,2024-11-18,36,414890422,6488513,2750,short
I9mw5UlDyPI,This Game Is Wild...,2024-11-12,19,709430169,13547365,9525,short
pS-fFdvyHLE,How Much Tape To Stop A Lamborghini?,2024-11-08,15,762606051,13988598,21181,short
Xj0Jtjg3lHQ,"$1 vs $500,000 Experiences!",2024-11-02,1060,274250730,5104865,56211,video
9UtcHPCEBgg,1 Subscriber = 1 Penny,2024-10-19,17,425383223,17650441,32491,short
ZNt_GoOBHq8,Human vs Jet Engine,2024-10-17,19,582224987,13771998,21008,short
bn0Kh9c4Zv4,7 Days Exploring An Underground City,2024-10-12,1235,179196898,3764687,35145,video
dDVFnfCwjHA,Will A Basketball Boat Hold My Weight?,2024-10-11,30,395721332,10207106,7543,short
Kt2HvqRruHQ,"Find The Real MrBeast, Win $10,000",2024-10-05,37,380253216,10841115,12187,short
vDrSCXFMAKk,"Spot The Difference, Win $10,000",2024-09-28,58,280389980,8476178,7658,short
snX5YyflrGw,"100 Identical Twins Fight For $250,000",2024-09-28,2140,198275738,3415401,29421,video
nbzQdlWrcnk,Running With Bigger And Bigger Lunchlys,2024-09-20,18,376380738,8467574,11380,short
8krJy31Diow,Holding Bigger And Bigger Dogs,2024-09-16,17,347839806,8226110,11157,short
aRcUVhVlSHg,"Men Vs Women Survive In The Wilderness For $500,000",2024-09-07,1908,231539803,4420919,54264,video
Jo7sfpeWqwE,Will A Guitar Boat Hold My Weight?,2024-09-05,20,770055501,18127923,15815,short
QtD-CeUdRUQ,"Real Or Cake For $10,000",2024-08-29,37,256816563,8046908,21190,short
ndAQfTzlVjc,7 Days Stranded In A Cave,2024-08-17,1079,179037685,4644279,93780,video
AydS-vA3qa4,Running With Bigger And Bigger Feastables,2024-08-15,17,446120871,12294979,31926,short
UPrkC1LdlLY,"Survive 100 Days In Nuclear Bunker, Win $500,000",2024-08-03,1941,352663623,6236296,88149,video
8bTQMDM4qvY,"Spot The Fake Animal For $10,000",2024-07-19,40,650919784,17355448,29742,short
DBw0oD38z0Q,This Game Is Wild,2024-07-17,21,239150161,6257419,11077,short
4SNThp0YiU4,"50 YouTubers Fight For $1,000,000",2024-07-13,2487,457677613,9713852,350533,video
XhuisK0bTSA,Pass The Phone To…,2024-07-11,60,288911373,11493258,52732,video
lkCRPp7cnP8,How Many Balloons Does It Take To Fly?,2024-07-10,18,541820449,20372356,51383,short
KkCXLABwHP0,I Built 100 Houses And Gave Them Away!,2024-06-29,576,254575753,7961308,292263,video
PWirijQkH4M,World’s Deadliest Obstacle Course!,2024-06-15,1705,422773092,6821502,139614,video
U_LlX4t0A9I,"$10,000 Every Day You Survive In The Wilderness",2024-06-01,1570,374697381,8959310,341520,video
T8I165Qxeo8,Sprinting with More and More Money,2024-05-30,29,322947485,11971575,86647,short
i-9V21MqlhY,Giving 1000 Phones Away,2024-05-28,18,390816050,23243507,825831,short
YyNz4--6fro,World’s Smartest Dog,2024-05-16,12,288970710,10768961,35478,short
f0cXJ6mJxGc,Bottle Head Smashing World Record Attempt!,2024-05-14,38,544743974,12865093,52256,short
F6PqxbvOCUI,"Protect The Yacht, Keep It!",2024-05-11,908,175685568,4267265,80099,video
oA4LSZvX4iE,Ages 1-100 Try My Chocolate,2024-05-09,39,285533862,10007679,36035,short
ZKxnjszkZto,"Spot The Hidden People For $10,000",2024-05-08,35,205589792,6469466,12454,short
8_gdcaX9Xqk,"Would You Split Or Steal $250,000?",2024-05-03,60,228999696,11801220,30196,video
snUyLbGx6U4,"Buy Feastables, Win Unlimited Money",2024-04-30,51,493586686,13651452,35544,short
Pv0iVoSZzN8,In 10 Minutes This Room Will Explode!,2024-04-27,600,166161589,4160891,76857,video
CWbV3NItSdY,The World's Fastest Cleaners,2024-04-25,35,724513409,26528413,44124,short
l-nMKJ5J3Uc,"Ages 1 - 100 Decide Who Wins $250,000",2024-04-20,2402,317605862,6281303,217530,video
XE1Qyss8GIY,"Guess The Gift, Keep It",2024-04-09,46,599280342,19724637,25618,short
6GzHPS0rEgc,"I’m Giving My 250M Subscriber $25,000",2024-04-06,21,348120953,10783183,59857,short
imhY0pe-Sd8,"Anything You Touch, You Keep!",2024-04-02,48,302425947,10865184,16832,short
erLbbextvlY,7 Days Stranded On An Island,2024-03-30,1346,487360266,7662464,151537,video
OnTTThIzuNU,"Keep Track Of Car, Win $10,000",2024-03-19,51,179013088,7899345,92364,short
mKdjycj-7eE,"Stop This Train, Win a Lamborghini",2024-03-16,1141,263260178,5450764,126612,video
tWYsfOSY9vY,I Survived 7 Days In An Abandoned City,2024-03-02,1044,348214170,6750938,201313,video
sH48lKbayNU,Unboxing My 200M Subscriber Play Button,2024-02-29,46,250021678,14581753,54492,short
AFXoSFNMwIA,I Filled Chandler’s Car With Feastables,2024-02-27,38,460565321,14870516,29149,short
k194wHZHjB0,Most Expensive Hand Model Holds Feastables,2024-02-24,22,705981101,13014703,12260,short
AjwAdtlRKf8,"Buy Feastables, Win $10,000",2024-02-17,41,468019317,16404740,36640,short
KOEfDvr4DcQ,"Face Your Biggest Fear To Win $800,000",2024-02-10,1323,377988491,6719210,227585,video
krsBRQbOPQ4,"$1 vs $250,000,000 Private Island!",2024-01-27,1019,386376180,5959370,102925,video
7ESeQBeikKs,"Protect $500,000 Keep It!",2024-01-13,934,194274509,4814528,70429,video
K_CbgLpvH9E,I Spent 7 Days In Solitary Confinement,2023-12-30,1216,287337308,5514688,85397,video
lOKASgtr6kU,I Adopted 100 Dogs!,2023-12-23,903,390602457,6690134,111440,video
9RhWXPcKBI8,"Survive 100 Days Trapped, Win $500,000",2023-12-16,1628,450172572,6906120,98114,video
ZVt9ZJfWV1c,"Feeding A Dog $1 vs $10,000 Steak",2023-12-14,27,597390466,15824944,31624,short
rWBOITBjitE,Could You Walk Up A Skyscraper?,2023-12-05,50,497899117,15724382,30738,short
tnTPaLOaHz8,"$10,000 Every Day You Survive In A Grocery Store",2023-12-02,1292,519662030,7545860,88736,video
Wdjh81uH6FU,"$1 vs $10,000,000 Job!",2023-11-25,939,314192769,4902110,62932,video
7dYTw-jAYkY,I Spent 7 Days Buried Alive,2023-11-18,1114,308075818,8203284,124997,video
AjZDwxt7S8w,I Gave Away A House On Halloween,2023-11-10,48,354731696,13679448,36723,short
aZnqqXaT02g,Giving Car Keys Instead Of Candy On Halloween,2023-11-09,32,395562197,10842709,14924,short
mwKJfNYwvm8,I Built 100 Wells In Africa,2023-11-04,630,262772873,10406371,213961,video
l9_8_pDTmis,"Furthest Away From Me Wins $10,000",2023-11-02,48,704525886,22054497,40167,short
n7x4Jj9pdH8,World’s Most Expensive Bed,2023-10-31,48,544735427,21742740,38231,short
QjvpjXdgugA,"10 People Vs World's Deadliest Laser Maze for $250,000",2023-10-28,1559,309955168,4853115,83495,video
jGAJCAuV3pQ,World’s Most Expensive Coffee,2023-10-19,33,283064665,11391551,28808,short
c0v8OPItCOg,"$100,000,000 Bathroom",2023-10-17,50,371237754,12760169,23479,short
3ryID_SwU5E,"$1 vs $100,000,000 House!",2023-10-14,1023,421412513,6480027,135845,video
IemzxkkzI5s,I Tipped A Pizza Delivery Driver A Car,2023-10-12,52,700177471,26871688,35809,short
3OFj6l2tQ9s,World's Most Dangerous Trap!,2023-10-07,1174,343329619,6715679,149531,video
bvlFjrcpD6s,I NEED 1 MORE 𝗦𝗨𝗕𝗦𝗖𝗥𝗜𝗕𝗘𝗥,2023-10-05,23,476324383,30492061,82891,short
AZlBZuS4hr0,"Guess The Gift, Keep It",2023-10-03,45,981959355,25974039,22934,short
Gx6VeIIbWwM,"Spot The Hidden People For $10,000",2023-09-28,35,763329825,22029363,31652,short
CAOY8EKH1qU,I Paid A Random Student’s College Tuition,2023-09-26,37,493597906,24820988,60603,short
IQxea9UB1nQ,"$100,000,000 Car Doors",2023-09-19,29,1302957949,29917780,42245,short
KrLj6nc516A,"$1 vs $100,000,000 Car!",2023-09-16,988,552279989,8118490,158217,video
zgLhCT7aFCA,Extreme Home Makeover!,2023-09-12,57,423560451,20104764,48443,short
L5kIXRdwGAI,Katana Vs Bullet,2023-09-07,41,1160555188,38302069,53793,short
19NmWqv4Alk,How Many School Buses Can We Stack?,2023-09-05,45,515792846,15600012,29466,short
vBpQ1SlfVtU,World’s Largest Dominoes Vs Store,2023-09-02,899,274057226,5808152,143929,video
SGzWIoLAzmY,"Feeding A Cat $10 Vs $10,000 Sushi",2023-08-31,31,402870991,14091665,32345,short
NnNZLCl78Ao,"Make This Kick, Win Super Bowl Tickets",2023-08-25,52,140458975,5196094,9146,short
NTZhwAldqwg,Metal Pipe Vs School Bus,2023-08-22,28,530139655,13863181,29374,short
J_z-W4UVHkw,"Every Country On Earth Fights For $250,000!",2023-08-19,1093,265983904,6523448,379401,video
mKIhHNznt4s,Can You Beat A Girl In Arm Wrestling?,2023-08-17,52,583541372,21225360,39768,short
jObOjhUkf50,"$1 vs $250,000 Vacation!",2023-08-12,958,429139055,6800247,108831,video
O3YVBJ2n5xg,I Ate The World’s Most Poisonous Fish,2023-08-08,32,535790786,22105912,41021,short
yhB3BgJyGl8,7 Days Stranded At Sea,2023-08-05,1085,423598240,8349023,129084,video
CP82DAKzL1U,I Traded My Car At a Red Light,2023-07-15,47,714862460,27079142,42211,short
fuhE6PYnRMc,Train Vs Giant Pit,2023-07-08,636,296378193,6623185,129300,video
stUofW3whpE,I Buried Treasure in the Bermuda Triangle,2023-07-06,53,523831091,25983126,38040,short
48h57PspBec,"$1 vs $1,000,000,000 Yacht!",2023-06-10,887,545228531,8398182,166936,video
ooAwCOP67GQ,Do Pawnshops Scam You?,2023-06-03,33,455784664,16773232,26435,short
FM7Z-Xq8Drc,"Ages 1 - 100 Fight For $500,000",2023-05-27,1536,463116602,6736890,119131,video
ykRq_rp7NhM,I Got Naruto to Subscribe to Me,2023-05-20,20,322453453,13388483,24500,short
WTOm65IZneg,"1,000 Deaf People Hear For The First Time",2023-05-06,374,215698331,5529536,153684,video
8kggT2ej-lo,Would You Pet a Cheetah in Africa?,2023-05-01,39,927834398,28845498,38732,short
GGBy50KtvRk,Tipping A Waitress A Car,2023-04-22,38,741955009,30096227,70207,short
Y4-gFIfGXiQ,Would you go on a Blind Date in Italy?,2023-04-15,51,571874232,24034352,28962,short
1WEAJ-DFkHE,"$1 vs $500,000 Plane Ticket!",2023-04-01,740,554544341,9009487,174943,video
Y0cBiGUuB1Y,I Sent a Subscriber to Disneyland,2023-03-30,27,647306123,29936404,81045,short
YLt73w6criQ,I Paid A Real Assassin To Try To Kill Me,2023-03-18,737,333777632,6465546,104869,video
NPYPXWJBTWM,"$10,000 Girl Scout Cookies",2023-03-11,23,728014871,14266553,19716,short
lglIQkCHO0g,Do Men Lie About Their Height?,2023-02-14,47,597551665,21969510,29836,short
TJ2ifmkGGus,"1,000 Blind People See For The First Time",2023-01-28,481,215552163,10383412,378754,video
7IKab3HcfFk,I Survived 50 Hours In Antarctica,2022-12-24,730,257284855,5852626,142960,video
h5NvTTOlOtI,Hydraulic Press Vs Lamborghini,2022-12-10,625,268682476,5799237,124163,video
se50viFJ0AQ,Would You Fly To Paris For A Baguette?,2022-12-08,48,1701126448,57707025,126316,short
0CTp1a-aCUM,"100 Kids Fight Parents For $500,000",2022-12-03,923,338531511,4923227,93050,video
FD-0KG-h2-c,Gordon Ramsay Tries Most Expensive Chocolate Bar!,2022-11-19,40,853922651,30861970,54856,short
kX3nB4PpJko,"Last To Take Hand Off Jet, Keeps It!",2022-11-12,937,247343533,4954563,99820,video
YlvcFJOE-OE,Giving iPhones Instead Of Candy on Halloween,2022-11-02,40,1748890527,41566814,149176,short
iogcY_4xGjo,"$1 vs $1,000,000 Hotel Room!",2022-10-22,941,431744745,7548318,114637,video
S_CUEOBZ0P4,"The Rock Vs MrBeast For $100,000",2022-10-21,55,719601972,36254044,80365,short
gHzuabZUd6c,"Survive 100 Days In Circle, Win $500,000",2022-09-24,1030,407955893,6331579,101165,video
65fN_OUawjk,I Hunted 100 People!,2022-09-03,723,269000328,4032267,65662,video
jdMNoQE3mIQ,Can I Survive A Plane Crash?,2022-08-20,494,232730284,4277196,74074,video
2isYuQZMbdU,100 People Fight For A Private Island,2022-08-04,931,259887963,7159246,224731,video
tVWWp1PqDus,"100 Boys Vs 100 Girls For $500,000",2022-07-23,1013,300667495,5034470,136132,video
vaIgyRoUkQI,I Didn’t Eat Food For 30 Days,2022-07-02,784,130590692,4350634,106431,video
Hwybp38GnZw,I Built Willy Wonka's Chocolate Factory!,2022-06-04,971,374644827,6937337,155705,video
hD1YtmKXNb4,"$10,000 Every Day You Survive Prison",2022-04-09,839,247166102,5637475,127553,video
LnlKwzc_TNA,"Would You Swim With Sharks For $100,000?",2022-03-19,541,206803080,4174879,86192,video
3jS_yEK8qVI,World’s Most Dangerous Escape Room!,2022-01-29,481,290667336,5568401,129742,video
00NgUctWoLQ,"Extreme $1,000,000 Hide And Seek",2021-12-18,729,110761037,3650380,116394,video
x9TQ6culXIA,"World's Biggest YouTubers Fight for $1,000,000",2021-12-16,725,106499401,3132237,83427,video
QbJJwaVdgIs,I Got Hunted By The Military,2021-12-10,627,264091589,4854148,93368,video
0e3GPea1Tyg,"$456,000 Squid Game In Real Life!",2021-11-24,1542,919293456,19931175,647637,video
cV2gBU6hKfY,I Cleaned The World’s Dirtiest Beach #TeamSeas,2021-10-29,295,135457037,5605650,166251,video
qIsgdOVGA04,"Last To Take Hand Off Lamborghini, Keeps It",2021-10-23,908,201391174,4817471,126525,video
cExLQ1o2pDw,"First To Rob Bank Wins $100,000",2021-09-26,482,214030545,4560824,117337,video
uocETPj4Jx4,"Extreme $500,000 Game Of Tag!",2021-09-04,753,232640171,4793989,97197,video
zxYjTTXc-J8,"Last To Leave Circle Wins $500,000",2021-08-31,1064,554131910,7885599,131750,video
hxwpkM5w3Cc,I Got Hunted By The FBI,2021-08-07,951,268845451,4896459,97351,video
ktyJIj6i4Qw,"If You Can Carry $1,000,000 You Keep It!",2021-07-24,607,266720612,3935228,78775,video
urtFrxDUV6c,"Would You Quit School For $100,000?",2021-07-10,612,190156912,3704504,82934,video
nM89Wl03Q4g,I Survived 50 Hours In A Maximum Security Prison,2021-06-26,754,298476990,4471814,98989,video
NZlClr_ivb4,"Hit The Target, Win $300,000",2021-06-12,797,221656030,3774431,80130,video
E6E22XQPhhg,Anything You Can Fit In The Triangle I’ll Pay For,2021-06-01,968,268908099,3670366,82214,video
TQHEJj68Jew,I Got Hunted By A Real Bounty Hunter,2021-04-24,808,238255501,4372373,119890,video
WcwGleN38zE,"Extreme $100,000 Game of Tag!",2021-04-17,999,271475021,4015393,116321,video
fMfipiV_17o,"Would You Sit In Snakes For $10,000?",2021-04-10,847,398497457,5775607,139749,video
ayXxwJJId_c,"I Bought The World's Largest Mystery Box! ($500,000)",2021-04-03,650,302662733,5545980,174003,video
9bqk6ZUsKyA,I Spent 50 Hours Buried Alive,2021-03-27,760,340146953,8335196,242210,video
DuQbOQwVaNE,"Offering People $100,000 To Quit Their Job",2021-03-13,627,169883495,3544817,111255,video
vJH28ICkCdU,I Sold My House For $1,2021-03-06,560,187982734,4083158,116675,video
_uwNDiU04zE,"I Donated $300,000 To People In Need",2021-02-13,654,57381972,3024759,142938,video
C680oxL__ck,"I Ate $100,000 Golden Ice Cream",2021-01-22,797,305600098,6167765,172777,video
5Fg9oZk-5uA,I Bought Everything In 5 Stores,2021-01-09,830,213877972,5769307,191386,video
PKtnafFtfEo,YOUTUBE REWIND: 2020,2021-01-01,391,73442429,5017844,272792,video
f0c7pSCoZqE,"I Put 1,000,000,000 Christmas Lights On A House (World Record)",2020-12-23,682,134792851,3004684,105782,video
dg2Ag3e8W-Q,I Opened A Restaurant That Pays You To Eat At It,2020-12-19,572,205821314,5190222,723930,video
LeYsRMZFUq0,"I Gave People $1,000,000 But ONLY 1 Minute To Spend It!",2020-12-15,858,242843824,7081947,185260,video
Dc2ZRmuH5OM,"Steal This $100,000 Diamond, You Keep It",2020-11-28,843,231746457,3694452,92257,video
GLoeAJUcz38,"Press This Button To Win $100,000!",2020-11-14,911,362588726,4854307,92813,video
SZQhgExjBvQ,I Survived 24 Hours Straight In Ice,2020-10-29,694,183763305,4265101,192720,video
IoZri9hq7z4,I Uber’d People And Let Them Keep The Car,2020-10-24,851,154213202,4232379,85713,video
vp5sSqyZ5Go,I Filled My Brother’s House With Slime & Bought Him A New One,2020-10-10,565,261233203,4132024,116053,video
AKJfakEsgy0,Hi Me In 5 Years,2020-10-04,128,147740118,7343400,261948,video
Vl3swga-Xrk,"Would You Rather Have A Giant Diamond or $100,000?",2020-09-26,744,207707163,3084357,71543,video
UE5AHE2Ypr8,"I Gave My 40,000,000th Subscriber 40 Cars",2020-09-19,1031,213502637,4889994,184874,video
TDiXxsQ0w2Q,Why I Haven’t Been Uploading,2020-09-17,354,59378794,2781187,94031,video
oD155zWANQg,"Get This Random Person 1,000,000 Subscribers",2020-09-05,845,87801925,2645538,119558,video
s1ax8Tx_Jz0,Would YOU Rather Have A Lamborghini or This House?,2020-08-22,1106,234110891,4176406,150686,video
NkE0AMGzpJY,"Last To Leave $800,000 Island Keeps It",2020-08-15,1275,296814931,5904244,224169,video
FbM1yi4mMMc,I Bought A Private Island,2020-08-13,697,185957138,4007843,126927,video
5V2B28OqfqM,"I Spent $1,000,000 On Lottery Tickets and WON",2020-08-08,613,152518497,3415098,85213,video
Rj_vssRaZlQ,I Ate The World’s Largest Slice Of Pizza,2020-08-01,483,334397627,4942817,138361,video
YQDDm9HLkV4,I Adopted EVERY Dog In A Dog Shelter,2020-07-23,964,280916874,5006661,207018,video
erQ_9yEz0ls,"$1 vs $100,000 Firework!",2020-07-03,669,266896306,5556206,181961,video
OAbP-V6fEVc,I Broke Into A House,2020-06-25,842,211075640,3970174,197637,video
_qAJMXfL6o0,"Would You Rather Have $100,000 OR This Mystery Key?",2020-06-13,1075,286369799,4261045,121189,video
59AYXzCa-Cs,I Built The World's Largest Lego Tower,2020-06-06,836,220411919,3651250,76936,video
r7zJ8srwwjk,I Spent 50 Hours In Solitary Confinement,2020-05-30,952,342324190,5101672,116679,video
YSoJPA8-oHc,If You Click This Video I'll Give My Friend .001$,2020-05-23,1041,229121412,7546511,169026,video
5Hg_QSIJm8I,"I Gave $200,000 To People Who Lost Their Jobs (Corona Virus)",2020-05-07,919,47377435,1401023,63293,video
gsWPpE4Rid0,Videos I Could Not Upload...,2020-04-30,812,175254495,4133455,65569,video
HBMmK1c44sE,I Spent 24 Hours In A Doomsday Bunker,2020-04-11,719,229539601,3428083,79129,video
oBYbxw8f5OI,"Giving $1,000,000 Of Food To People In Need",2020-03-27,749,69432941,1952784,64571,video
AiGKBNGlzHo,I Ran A Marathon In The World's Largest Shoes,2020-03-21,829,188646164,3535912,70278,video
_mdKvblL_8s,"$70,000 Extreme Hide And Seek - Challenge",2020-03-13,1041,162228903,2810490,66966,video
yXWw0_UfSFg,Anything You Can Fit In The Circle I’ll Pay For,2020-03-07,1183,335788261,5324907,113190,video
F4Y3Pkn95GI,"I Ate A $70,000 Golden Pizza",2020-02-29,756,285832866,4463127,110385,video
KSKJKLmAqpI,"Lambo Race, Winner Keeps Lambo",2020-02-08,888,152423546,2758849,54911,video
IYVjOfoU3uI,I Gave My Credit Card To Random People,2020-02-01,1008,202530338,4134102,97437,video
oI6aXhowFDY,"Get Every Boy Scout Badge, Win $10,000",2020-01-25,818,131296094,2313802,45733,video
LdMx2U5tby0,"$60,000 Extreme Hide And Seek - Challenge",2020-01-17,1079,179355855,2988742,50636,video
fY-LA3YaZ_M,"How I Gained 15,000,000 Subscribers In 1 Year",2020-01-03,394,19784708,895339,39583,video
0hVZOJCYBBM,Important Youtube Announcement (please watch),2019-12-28,155,39584260,2414211,124934,video
Z9WQy9jEY8M,"Giving 10,000 Presents To Kids For Christmas",2019-12-23,828,83112493,3161023,170377,video
bs0SWXbty18,"Spending $1,000,000 In 24 Hours",2019-12-21,910,209781439,4882060,127278,video
yeqARWqjkps,"Last To Take Hand Off $1,000,000 Keeps It",2019-12-19,917,151924852,3453758,295456,video
wMuYiLby3-s,"Last To Stop Riding Bike Wins $1,000,000 (Part 4)",2019-12-14,705,68891475,1505374,91484,video
NbaWrbJDr48,"Last To Leave Toilet Wins $1,000,000 (Part 3)",2019-12-07,946,105056541,1964037,48646,video
sfv1QaRzJg8,I Ordered Pizza And Tipped The House,2019-12-05,770,163372236,4434794,105538,video
RwnN2FVaHmw,"Last to Stop Swinging Wins $1,000,000 (Part 2)",2019-11-30,783,148177930,2383088,80610,video
X1jMMFOqxEw,"$50,000 Game Of Extreme Hide And Seek - Challenge",2019-11-28,828,170015113,3123210,51224,video
ORUX1lHbOa8,I Opened A FREE BANK,2019-11-23,652,129078281,3045948,94079,video
LU_xVr4b2qM,"Going Around A Ferris Wheel 1,000 Times Straight",2019-11-16,776,135067540,2636362,49865,video
tQ4m4zD7BBA,"Last To Fall Wins $1,000,000 (Part 1)",2019-11-14,1017,170018693,3170476,56624,video
D9lVNzyhYnc,Surviving 24 Hours Straight In The Bermuda Triangle,2019-11-09,701,268868156,4483101,100044,video
jokVbbLqV_E,"I Spent $100,000 On Lottery Tickets And Won!",2019-10-31,910,58437701,1435432,29814,video
HPJKxAhLw5I,"Planting 20,000,000 Trees, My Biggest Project Ever!",2019-10-25,443,119153198,4542976,160075,video
Ims5p6wjW9s,"Last To Take Hand Off Boat, Keeps It",2019-10-19,1008,137423738,2157732,57058,video
anFxsa5jXrE,"I Searched 100 Dumpsters, Here's What I Found",2019-10-12,1029,235075035,3208264,57159,video
QxGVgXf_LNk,"Going Through The Same Drive Thru 1,000 Times",2019-10-05,938,316950831,5255770,132423,video
al6130OD1Ck,"Donating $100,000 To Random Streamers",2019-09-28,886,67568997,1918141,42414,video
d1010B3sKNQ,Surviving 24 Hours Straight In A Rain Forest,2019-09-21,789,147304708,2733282,73225,video
NS3hse9ezik,"Last To Leave Ramen Noodle Pool Wins $20,000",2019-09-13,872,78664255,1604393,43609,video
npDey6_9YRs,"Anything You Can Carry, I'll Pay For #2",2019-09-06,839,92647693,1757052,34683,video
0NGWT9COcEI,"I Gave My Brother 24 Hours To Spend $100,000",2019-08-31,788,109473600,2594555,56541,video
3LLnjRLrvLU,I Opened A Free Car Dealership,2019-08-29,920,158432063,3552078,136997,video
bTrV5v7GLcQ,"Last To Leave Pool Of $20,000 Keeps It",2019-08-24,999,188147143,3361951,81615,video
lBYC4_Lccjw,Surviving 24 Hours On A Deserted Island,2019-08-22,832,216163200,3682791,80441,video
gL6iSCSHjco,"Last To Leave Roller Coaster Wins $20,000 - Challenge",2019-08-17,907,168500096,3066029,66395,video
UQtltNZ_pjs,I Won Every Prize At A Theme Park,2019-08-15,802,189251094,3031326,67658,video
0DaMUhgcAqo,Destroying My Friend's Car And Surprising Him With A New One,2019-08-10,883,116012996,2867962,61025,video
TOcGSwJBPMQ,I Spent 24 Hours Straight At Area 51,2019-08-02,915,197393844,4020027,99879,video
ws694xrKopA,"Can 50,000 Magnets Catch A Cannon Ball?",2019-07-20,569,136081530,2218803,46270,video
UtnsWzaoRtg,World's Largest Game Of Dodgeball,2019-07-12,677,93680462,1708996,56833,video
6wsFjjhZPJI,"Last To Leave Revolving Door Wins $50,000",2019-07-02,824,171082068,3706981,179773,video
Rmf6T_Ewt38,Tipping Waitresses With Real Gold Bars,2019-06-21,727,70960768,1821957,83500,video
n6qc4LHN2KQ,I Opened The World's First FREE Store,2019-06-15,891,98537240,2396096,76100,video
2eFSU7TFOnk,Spending 24 Hours On Top Of A Mountain,2019-06-13,924,233169398,4092727,116354,video
RCvnytndd9c,"Last To Leave VR Wins $20,000",2019-06-08,858,170289560,3293709,93763,video
AA-VpIj8F5Y,"Last To Stop Running Wins $20,000",2019-06-06,898,124462172,2390225,65741,video
fWcSBWadolA,"Paying People $10,000 To Eat Ghost Pepper",2019-06-01,886,40983904,1115534,34529,video
YyhKdOCwD7s,24 Hours In The Most Haunted Place On Earth,2019-05-30,907,155824095,3156921,139552,video
ha4tRQwKIUg,I Bought Everything In A Store - Challenge,2019-05-18,1016,170630475,4342534,180134,video
xRwy_rKc7gI,"Last To Leave World's Largest Bowl Of Cereal Wins $10,000",2019-05-15,942,267022849,3514662,87285,video
H1WBdh56Vq4,Spending 24 Hours In A City With No Laws,2019-05-07,869,191452530,3032693,67392,video
xhIYirjB4Yc,"Giving $10,000 To Random People And Saying Nothing",2019-04-30,959,83852015,1855718,49543,video
HfJMs4mrSJM,Molten Lava Vs Giant Ice Block Experiment,2019-04-27,458,100924228,1856532,41075,video
tYHTVjfShOA,"Anything You Can Carry, I'll Pay For Challenge",2019-04-20,909,94542461,1794996,90311,video
JTQcIR2ZxU4,Homeless Man Buys A Lamborghini,2019-04-18,860,204616550,4376440,80929,video
xpNeg0hPZIs,Playing Battleship With Real Ships,2019-04-06,932,38530354,1010136,34317,video
9yrdFAJUSaU,"Donating $100,000 To Shroud In Real Life",2019-04-04,854,32393409,873324,19831,video
i2O6GMpNWGo,"Last To Leave The Tesla, Keeps It Challenge",2019-03-29,1109,122305388,2090333,44641,video
Y6jC6VaO3j0,"Donating $100,000 To Streamers With 0 Viewers",2019-03-24,877,113233689,3609500,77201,video
Ooke4YZv8Ts,Surviving 24 Hours Straight In A Desert,2019-03-16,844,189492363,3427710,96561,video
ZV7rU6lnAKQ,"$200,000 Youtuber Battle Royale",2019-03-12,816,57042756,1740486,141803,video
iUzi5JmJNWc,Surprising Strangers With 100 Zombies - Experiment,2019-03-03,589,61506751,1786219,55238,video
9cCpZl8euLI,I Gave A Homeless Man A Home,2019-02-28,777,89039161,2232587,111036,video
I046_n20d3s,Standing Still For 24 Hours Straight - Statue Challenge,2019-02-22,1096,125726278,2044204,36693,video
2nd73lyvq4w,Giant Monopoly Game With Real Money,2019-02-15,895,138531242,2492702,68138,video
nuM0Z4a7kMs,I Spent 24 Hours Straight In Insane Asylum,2019-02-10,956,123947300,2354908,133041,video
qPBtTPJHS0Q,I Advertised Pewdiepie At The Super Bowl,2019-02-04,765,45309619,1244089,63984,video
A-vX1AGBGsc,"Pass All 12 Grades, Win $10,000",2019-01-31,1051,237737979,3561538,142716,video
IiW2smvEcBM,I Opened The World’s Cheapest Store,2019-01-26,919,41771647,1142485,82190,video
q6Qw8mUVTrE,I Put 10 Million Legos in Friend's House,2019-01-18,917,119579975,1733328,62201,video
dBxOYE2j55U,Make This Video The Most Liked Video On Youtube,2019-01-16,791,155558765,30164945,309019,video
984NGLLYDUg,"20,000 Magnets Vs A Car",2019-01-14,723,34510970,768523,23381,video
7zi0bi-RDj4,"Eating A $10,000 Golden Steak (24k Gold)",2019-01-11,990,164521598,2448634,89158,video
XaxhLbxZ13k,Last To Take Hand Off House Keeps It!,2019-01-08,1050,102762925,1685256,44286,video
L8nh1wuXTbI,"I Gave Him One Hour To Spend $100,000!",2019-01-01,825,83757688,1649210,68156,video
9-HphHIJS9c,"How I Gave Away $1,000,000",2018-12-25,914,14575860,487731,33591,video
rPXmbM2UEbU,"Giving $100,000 To A Homeless Person",2018-12-23,884,31589160,1022091,69815,video
sESRuTyfsEk,I Spent 24 Hours Straight In Prison - Challenge,2018-12-19,781,120053677,2118313,73911,video
QapO3maXd9k,Donating $10000 To Pewdiepie,2018-12-16,915,47427565,1724478,49005,video
71VpdDb8e6U,"Last Youtuber To Leave Wins $100,000 - Challenge",2018-12-12,1479,106857299,2161280,94409,video
Su34c5Z8DW4,I Put Millions Of Pennies In My Friends Backyard,2018-12-08,881,190181187,2851354,64163,video
e5DqdX-7_g4,Surprising TFue With A Fortnite Battle Bus In Real Life,2018-12-07,865,103342684,1888671,62962,video
9vB-48kHbBU,I Built A Giant House Using Only Legos,2018-12-02,829,65347990,1033916,48558,video
3ix_gbcubTo,"Last To Leave Slime Pit Wins $20,000 - Challenge",2018-11-30,1070,152158212,2420504,73136,video
mGIpOtncmSM,"Saying Pewdiepie 100,000 Times",2018-11-25,42520,26717394,1686096,166166,podcast
VqnQ-0q2gb4,Destroyed Friend's House And Bought Him A New One,2018-11-24,878,43968169,1128412,67696,video
3TflpIllQHY,I Put 100 Million Orbeez In My Friend's Backyard,2018-11-22,885,252325555,5447690,141826,video
1SwVSTKFCsc,"Spending $40,000 In One Hour Challenge",2018-11-17,843,44993429,930361,54353,video
ZPuEUe_8SRM,"Giving My 10,000,000th Subscriber 10,000,000 ___",2018-11-13,1099,29909422,814061,32037,video
gKVZz4kcuns,"$10,000 Games Of Rock Paper Scissors",2018-11-04,772,18661910,511772,24974,video
nywT2SenPIo,"Last To Remove Hand, Gets Lamborghini Challenge",2018-11-02,1185,97720860,1718424,73539,video
xBP9EUQIkNs,"You Pick The Right Cup, You Win $100,000!",2018-10-28,1055,36322624,972778,35245,video
qZNxvnQv0h4,I Bought Every Billboard In My City For This,2018-10-26,931,38868273,1311558,104966,video
uE6gud1voDs,"Ordering Water Then Tipping $30,000",2018-10-23,705,46421496,1205435,46327,video
f0M64XpmTz8,"I Spent $50,000 On Lottery Tickets And Won ____",2018-10-19,1014,31434334,745228,33213,video
Gz3yak1cl-8,"Last To Leave Circle Wins $10,000 - Challenge",2018-10-12,996,99028070,1677408,58941,video
9GD6hbqu2oM,I Spent 24 Hours Straight In Slime,2018-10-09,878,44161668,934334,32639,video
GUWGsIVEMSQ,"Surprising Tfue With $10,000 Live - Fortnite",2018-10-04,923,75697425,1539581,47112,video
wDqJZ_2ZA3A,"I Spent $30,000 On Lottery Tickets And Won ____",2018-09-28,934,17383482,425641,21561,video
RywkkwO78m8,Flat Earth PROVEN By Independent Research,2018-09-22,712,29008236,793989,133222,video
P4qWhSZ7_WA,Things That SHOULDN'T Be Sold On Amazon,2018-09-21,846,152889293,2298081,55663,video
UlUcwJc5nBs,"Surprising My 8,000,000th Subscriber With 8,000,000 ___",2018-09-19,1132,37445037,584235,18306,video
qAW6CE7_bFM,"I Donated $25,000 To Random Kids Streaming Fortnite",2018-09-14,1057,66319443,1324335,39597,video
tBEBc4KQVsU,I Hope This Magic Trick Works,2018-09-11,982,43713725,715545,18779,video
q0OK-zHnvnA,Can A Glowing 1000 Degree Sword Slice A Car In Half?,2018-09-06,598,70061436,1137716,37631,video
bFZdU9dr4OM,Rocket League In Real Life!,2018-09-01,775,28837118,539794,16089,video
nd-bwvNB7YA,Destroying My Friend's Car And Surprising Him With A New One - Slime,2018-08-28,971,122308413,2496613,66942,video
6_im_hGxGRk,Spending 24 Hours Straight Under Water Challenge,2018-08-24,911,146034865,3572822,105390,video
b91vrgVY-ZQ,"Attempting The Impossible Maze - $10,000 Challenge",2018-08-15,1187,57148694,1006604,32068,video
52ubXjlVzUY,"Donating $100,000 To A Random Fortnite Streamer",2018-08-05,1377,53709236,1112829,50414,video
XHb7g6yuGgE,Moving 10 Pounds Using ONLY Sound,2018-08-02,826,45934652,1209641,49639,video
rH1D_3G56DY,Returning Destroyed Rental Cars Prank,2018-07-27,630,37473826,621260,17383,video
-0zoWMSEOGg,"I Gave My 6,000,000th Subscriber 6,000,000 ____",2018-07-25,1113,17752242,393981,31990,video
WRzIuC2MKOU,"Can 1,000 Fans At Max Speed Push A Car?",2018-07-17,713,28831656,619489,36490,video
foLlul8Tl3E,"I Donated $50,000 To Ninja - Fortnite",2018-07-14,1074,98689232,2142139,59248,video
3iaDrpKdaIc,I Ubered Random People In A Tank,2018-07-11,604,30261701,861531,42974,video
qrIh-ZHN4-E,World's Hottest Substance Vs Coldest Substance,2018-06-30,712,97568248,1785643,53751,video
mpZWt5pGKZ8,The Real Way Dinosaurs Went Extinct,2018-06-28,351,29718258,806255,43544,video
vbph9F_pRNI,I Donated $1000 Every Time She Blinked - Fortnite Streamers,2018-06-24,946,21887770,639071,24440,video
XE9pUM9MEFA,I Built A Working Car Using Only LEGOS,2018-06-23,744,75379074,1644404,98613,video
wbzD04leeLI,Do Water Repellent Shoes Actually Work?,2018-06-22,698,132695843,2001050,63720,video
MC5h-ShR-S8,"We Drove 3,000 Miles For The World's Best Burger",2018-06-09,829,55203235,1222020,93640,video
dp8IaLrZpGs,"I Gave My 5,000,000th Subscriber 5,000,000 ______",2018-06-08,671,11369951,292346,18918,video
97Gh93Daio0,I Made Money Grow On Trees,2018-06-01,634,17391321,429655,35896,video
t4OumncEiKo,I Took Apart My Friends Car And Put It In His Room,2018-05-25,616,15957621,316267,12168,video
Ejou8aa5eZk,How Many Rubber Bands Does It Take To Snap A Safe?,2018-05-22,616,37434332,910967,43987,video
ehEuczQUh8E,Pulling Cars Over Using A Toy Police Car,2018-05-13,797,24800928,541835,18408,video
uBC7805Smsg,"I Gave $500,000 To Random People",2018-05-11,903,15250975,452619,30515,video
d8pJkuSp1iI,How Many Toy Cars Does It Take To Pull A Real Car?,2018-05-04,708,41390807,760136,26709,video
dFr5YQaQQdo,"I Gave $20,000 To People From An Ice Cream Truck",2018-05-02,822,14818213,346587,20935,video
xBLxMfO3pDw,$10000 Ice Sculpture Vs Flame,2018-05-01,909,23950959,503211,29481,video
d7QmQtNwhcU,"Can 1,000 Rolls Of Duct Tape Stop A Car??",2018-04-30,623,27012181,545183,24293,video
NZR4WEjpOQg,Winning A Game Of Fortnite In The Middle Of The Ocean,2018-04-25,584,31545507,779835,46712,video
vETSAZgfDP4,I Flew Using Only Balloons AND Leaf Blowers,2018-04-23,678,32850391,651406,44294,video
zE3FLbpu9-Q,"I Donated $40,000 To A Random Twitch Fortnite Streamer (world record)",2018-04-21,1277,24618839,629836,28909,video
Izmibu7dxcs,Destroying My Friend's Car And Surprising Him With A New One,2018-04-13,912,39342022,626531,35456,video
2Pvt8awds44,Walking Up To Random People With 100 StormTroopers,2018-04-11,604,20252719,501816,38044,video
n9BbAfbsyj0,"I Donated $10,000 If They Said This Word (Twitch Streamers)",2018-04-04,785,20148322,553977,21736,video
WZ2rYlVxt4g,"Giving My 4,000,000th Subscriber 4,000,000 Cookies",2018-04-02,641,13417357,341487,24042,video
CWK6an4mYL0,"I Tipped Waitresses $20,000",2018-03-30,744,15021789,355390,19463,video
VwWV4JelEzY,Walking Into Random Stores With 100 Dinosaurs,2018-03-22,612,33839227,894694,44174,video
koRKIlRQj4g,I Built A Mansion Using Only Cardboard Boxes,2018-03-20,428,25936525,573695,23215,video
XKFKPQHdWRI,Breaking Glass Using Only Megaphones,2018-03-17,534,54415082,1401765,74194,video
yuGEB4ZZdUQ,Tying My Shoes In Every State (World Record),2018-03-16,910,18180418,452968,40778,video
sg_XFT4K3N4,"I Dropped $20,000 From A Drone",2018-03-08,705,7839171,248256,16992,video
szt8xabJoSo,"Donating $10,000 To Fortnite Streamers If They Win",2018-03-03,871,11391251,273395,15606,video
Fbl3E_XCQfA,Trying To Fly Using Only Leaf Blowers,2018-03-01,782,18459996,427691,28309,video
Pe3pGsCeYXg,"Giving 3,000,000 Pennies To My 3,000,000th Subscriber",2018-02-22,610,8876272,235237,21747,video
yzGmnjDFuZE,"I Donated $30,000 To My Favorite Twitch Streamer (ninja)",2018-02-21,677,36809788,857534,38293,video
op0N7axawJA,"I Gave $20,000 To Random Homeless People",2018-02-17,656,47735861,1303307,72217,video
l_huIWJBhJM,I Bought An Expensive Car Using Only $1 Bills,2018-02-13,629,37748641,1075581,35030,video
7ALCsEyn3mg,I Bought The World's Most Expensive Apps ($10k),2018-02-08,619,27120053,759137,24687,video
CvMRiR4k49Y,We Delivered 100 Pizzas To Random Houses,2018-02-02,603,9224448,227789,10871,video
g2rbhIB-ITM,"I Donated $30,000 To A Random Twitch Streamer (world record)",2018-01-28,1106,32931088,1051432,54349,video
nLpqZEAFnkE,I Bought A Car Using Only Pennies,2018-01-25,728,26659836,719347,38179,video
sirrTXiPFmw,I Bought One Snickers Bar From Every Walmart,2018-01-13,608,45133016,1117708,69267,video
nRkwuTOESCc,Donating Big Donations To Twitch Streamers!!!,2018-01-11,1118,27795506,580254,36023,video
AS6WMS_Bemg,I Can't Believe I Found This Stuff On Amazon..,2017-12-22,428,31384845,1187700,23591,video
wMn8d7IeCYM,"Saying ""Keep Net Neutrality"" For 10 Hours",2017-12-17,36002,2448063,84818,9749,podcast
BMZP4CtphaU,Life Hacks You Need To Know,2017-12-08,410,7409028,201231,10619,video
ln9aLVd__8w,"Can 100,000 Pieces Of Paper Stop A Bullet?",2017-12-06,759,26029832,480726,55935,video
93s1JECSy60,"Giving My Mom $100,000 (Proudest Day Of My Life)",2017-12-02,668,32557549,1547610,44774,video
YR6Wh2Zy9jE,"2,256 Miles In One Uber Ride (World Record)",2017-10-28,608,43947529,1112571,42352,video
5PCxQSMOl3o,i'm really sorry,2017-10-26,191,5969492,204342,10036,video
5qzAVMe_SnM,Hi Me In Two Years (Made Two Years Ago),2017-10-04,110,13811791,599578,38151,video
zAAXW7ySu1k,"Tipping Uber Drivers $10,000",2017-08-30,674,4673374,127796,7989,video
sx5k8xd_VoU,Going To The Connor McGregor fight!,2017-08-28,342,6137614,229403,11043,video
uotb9ZHnI2g,"Tipping Pizza Delivery Guys $10,000",2017-08-23,627,23178136,699855,39639,video
nPlqRbVFBHI,"Microwaving my iPhone, what happens next might shock you..",2017-08-20,336,2800488,123362,8451,video
_FX6rml2Yjs,"Saying Logan Paul 100,000 Times",2017-08-19,61567,23712300,929902,108337,podcast
kupaqq-xJ_8,"Donating $10,000 To Random Twitch Streamers",2017-08-15,882,10882268,226369,17587,video
Er6QUQZbv0w,Breaking The Law,2017-07-09,236,32241087,831965,33553,video
4KVmSG6KS2k,"Giving Homeless People $1,000 (Not Clickbait)",2017-06-28,527,6676677,229166,18782,video
Lx9fRu5ehFo,We Are Better Than Dude Perfect,2017-06-24,157,28144421,666610,37535,video
KcsRxHwGz7A,Every Challenge I've Ever Done,2017-06-23,85686,960395,29912,4528,podcast
ZJwX2jTXWwQ,Watching It's Everyday Bro For 10 Hours Straight,2017-06-17,36011,28329433,819210,69315,podcast
N_GMakKf7G4,"Giving A Random Homeless Man $10,000",2017-06-15,602,11395143,564854,33657,video
63gyUQ_JeOE,Toothpaste Life Hacks YOU SHOULD KNOW,2017-06-13,262,19791585,496803,15044,video
IZVbzNRUlQI,"Reading The Longest English Word (190,000 Characters)",2017-06-02,6889,35778209,816790,57349,stream
8D3vI1615K4,Fidget Spinner Vs Face (Legit Had To Get Stitches),2017-05-02,427,44798796,1673320,88528,video
igVcy5dtN80,Grilling A Microwave Microwaving A Microwave Microwaving A Toaster Toasting An Iphone Watching Micro,2017-03-30,188,2164145,72628,4957,video
dEOlvTqYUNo,#1 MOST INSANE MAGNET LIFE HACK EVER,2017-03-24,309,26312553,519468,17879,video
AS5CxLCWq-Q,Watching Dance Till You're Dead For 10 Hours,2017-03-21,36001,54761862,2607466,0,podcast
jtOalDNVrKM,I Can't Break My Strange Addiction,2017-03-19,285,1970049,95731,8804,video
dDYP56hEYF0,OMG! INSANE CUP FORT,2017-03-14,251,4166522,96203,9243,video
pJSbLk-Iixc,Savage Level 9000,2017-03-08,110,7416981,321103,14886,video
iengNekeTNo,Reading The Youtube Terms Of Service,2017-03-07,1557,578413,19855,3561,video
rqUvnLPvbrM,Reacting To The Reaction Of The Reaction To The Reaction Of The Reaction Of The Reaction To The Reac,2017-02-22,2009,7737937,321857,24591,video
9CVwXBYVqVk,"Counting To 200,000 (Road To A Mil)",2017-02-18,84878,4126123,155804,19134,podcast
i8pmk5xnO2s,Microwaving Dry Ice (Microwave Explodes),2017-02-09,356,3361111,96614,5635,video
xWcldHxHFpo,"I Counted To 100,000!",2017-01-09,85687,33396158,1527486,136893,podcast
YH1-fDzHHpo,we are number one but every one is a bad intro,2016-12-25,221,1993996,56259,8197,video
ntlG5XgYg4k,Microwaving A Microwave Microwaving A Toaster,2016-12-23,857,4984210,89490,14939,video
Qy17S3g8ZuY,HOW TO UNLOCK ANY IPHONE WITHOUT THE PASSCODE,2016-12-21,531,23175340,580197,33211,video
PJyWmlWNor8,WHY DO THEY SELL THIS ON AMAZON?,2016-12-18,511,8864463,714376,12998,video
KzwTYZ2W3ZA,Microwaving A Microwave,2016-12-09,545,11890312,439147,41157,video
9fa_JYTPZ2Y,IF YOU ONLY SEE ORANGE YOU'RE COLOR BLIND,2016-12-05,233,1847589,92760,7568,video
t1BWMa8btIw,I Mailed Myself IN A BOX & it REALLY WORKED! (Human Mail Challenge),2016-11-30,302,16551784,453820,15789,video
2O8wta4FsD4,STUPIDEST PERSN ON EART (Really Dumb),2016-11-28,262,2537187,183227,12287,video
dSDBr0WjrwQ,"Reading The Entire Bee Movie Script But Everytime They Say ""Bee"" I Repeat All the Previous Bees",2016-11-25,5459,11023307,215643,11808,stream
DbC9CauTXoM,THE WORST THINGS EVER TO EXIST,2016-11-19,280,3816267,326694,18082,video
yhNcDBnQsEY,BLOWING UP $1000 KEYBOARD *RIP WALLET*,2016-11-11,300,3889911,225331,4886,video
Wyyqz3OxB5c,MY $1000 KEYBOARD CHANGED MY LIFE,2016-11-03,213,13456713,352918,7772,video
KO8B2kw_Jxs,I BOUGHT A 1000$ KEYBOARD,2016-10-25,381,1643405,38414,2785,video
NEDPgQYhbqs,IF ONLINE ADS WERE REAL,2016-10-16,276,9905130,575909,17630,video
DpIvW6av0pI,IT FINALLY CAME IN THE MAIL,2016-10-10,303,366360,12117,1314,video
RPcXg2-0ejw,Bleach Bottle Flips (COP CALLED),2016-10-09,283,1249374,55307,3085,video
jhYG5BStQSk,Hi Me In A Year (Scheduled Uploaded A Year Ago),2016-10-04,119,1824381,57485,4813,video
wTIPpjUgAFE,Epic New Gaming And Youtube Setup 2016,2016-09-30,300,426991,15209,920,video
Fzh65vCyHWQ,24 HOUR EXPLOSION GIVEAWAY! WIN GIFTCARDS,2016-09-05,0,853246,35407,4554,short
vBp0bzVr09s,LISTENING TO OLD VOICEMAILS FOR THE FIRST TIME,2016-08-28,313,401397,11982,1051,video
AXjdI_LHWJU,GAMBLING MONEY WITH SCRATCH OFF TICKETS,2016-08-26,476,3104572,59724,3395,video
dJCsc_Cq9i4,BEST WALMART TOILET PAPER FORT,2016-08-24,256,1481998,50711,2985,video
bqpKlkPpT10,100 LAYERS OF SARAN WRAP + TOILET PAPER!!,2016-08-23,463,3372671,139230,6763,video
TIIU1ivhLKs,WORST REVIEWS ON AMAZON #4 *FUNNY*,2016-08-21,203,1660883,124140,3556,video
G4qOiwIE_o0,HOW MUCH MONEY DO YOUTUBERS MAKE?,2016-08-14,205,3155468,151604,5453,video
yozl6enFC-w,THE WORST SONG ON YOUTUBE *CRINGE*,2016-08-08,248,851964,42155,6652,video
LP_mGU3CgXk,SURPRISING MY BROTHER WITH A LAPTOP,2016-08-07,176,1938985,127500,4540,video
DoIQMkoYSzw,"SELLING ORGANS FOR $1,000,000",2016-08-02,335,3629188,120490,7321,video
e-If_d_bzfI,POKEMON GO STEREOTYPES,2016-07-14,207,2329300,64657,2730,video
5J6-5g2alp8,"100,000 SUBSCRIBERS.EXE",2016-07-08,266,1553552,82110,7610,video
qjGNBluF6_I,WORST REVIEWS ON AMAZON #2 HOW IS THIS LEGAL?,2016-07-02,290,1206689,45892,5029,video
TLoDwqQF5ug,BLOWING UP MY TABLET,2016-07-01,152,186429,7663,1274,video
uAFGIQPWL54,Worst Reviews On Amazon #1 (Minecraft Edition),2016-06-26,127,722394,17278,1396,video
SaDDjW9Rw-M,WORST THUMBNAILS ON YOUTUBE #3,2016-06-21,184,942215,35291,1722,video
CHdy9wND1jo,REACTING TO MY OLD MINECRAFT VIDEOS (HORRIBLE),2016-06-19,523,1354774,35595,2732,video
9LiS_3HEErU,HOW TO MAKE A GOOD INTRO FOR YOUTUBE,2016-06-14,184,192457,6162,1363,video
hRj5qNfkdO0,WORST BANNERS ON YOUTUBE #1,2016-06-13,216,687121,19091,3604,video
ocruJKe2tFk,"50,000 Subscribers.exe",2016-06-11,215,607526,23361,3501,video
MgRMNzKknto,Dude Perfect 4.0 - We Are Totally Better,2016-06-06,213,440385,13085,1743,video
tqO3_AKC5Ks,CUTTING TABLE IN HALF WITH PLASTIC KNIVES,2016-06-04,245,3783827,165975,6887,video
XW1TsAVdXsw,BEST INTROS ON YOUTUBE #1,2016-06-01,185,28574087,811435,27314,video
Qhdj_Umh1IE,Motivation For Youtubers #6 LAST ONE,2016-05-24,179,169348,6551,519,video
fN_RQFqaGHI,How Many Licks Does It Take To Get To The Center Of A Tootsie Pop?,2016-05-19,757,397962,12307,2501,video
hC3xW8xeCDs,Motivation For Youtubers #5,2016-05-15,148,213228,9141,571,video
xGJEPTCw9GU,18th Birthday QNA - Mom's Hair Dryer Age?,2016-05-07,232,410635,15805,865,video
FmjsePPBbdU,WORST MEMES AND TRENDS ON YOUTUBE!,2016-05-01,231,651067,13044,1336,video
lMLEcUXz6T8,Cereal Commentary,2016-04-28,339,183781,5762,635,video
BKJy7BFP3Is,WHERE IS MY COOKIE?????,2016-04-24,162,130362,12485,1207,video
1gfgZhW3YgU,"How Much Money Do Big Youtubers Make? (Pewdiepie, Markiplier, etc)",2016-04-22,228,127125,4804,448,video
VXmKt_1T0QM,Struggles Of Being A Youtuber,2016-04-19,194,158500,5738,1157,video
6XCUHLhdnEY,Reenacting Youtubers,2016-04-16,221,196866,7229,558,video
ttWTSskmxTA,Life Before And After Gamma (Insane) @GFuelEnergy,2016-04-13,161,63844,2461,704,video
5bCyFf8lSfk,Worst Thumbnails On Youtube #2 - Cringe,2016-04-10,133,296089,10279,551,video
ngVEpJs5A5s,Motivation For Small Youtubers #4 - Inspiration For Youtubers,2016-04-08,190,162077,7504,639,video
zjC48c3ptt0,Scheduled Uploaded 6 Months Ago (REACTION),2016-04-06,322,151339,5319,484,video
rS2sntC-lJI,Dude Perfect 3.0 - We Are Better,2016-04-04,193,741405,21491,1840,video
fG1N5kzeAhM,Dear Future Me (Scheduled Uploaded 6 Months Ago),2016-04-04,145,2543986,138587,12764,video
vT_gRRMjDi0,$100 GIVEAWAY PRANK (NO WEAPONS INVOLVED),2016-04-03,291,74137,1925,246,video
dfcPUqiivDY,GIVING AWAY $100 ITUNES GIFT CARDS,2016-04-01,130,169158,4754,487,video
zCR6DJX7Kak,Walking Dead Daryl DIED (Fan Reaction To Death),2016-03-28,43,187261,5172,534,short
4cX-w-ia0RU,Why Do Youtubers Ask For Likes?,2016-03-27,201,182782,12078,669,video
2nVjy-zd65Q,Making My Background More Epic,2016-03-26,208,63891,2618,360,video
xlzpD4GeBW0,Doing Youtube For Fun Or Views?,2016-03-23,225,63848,2676,304,video
8ZTy3K2QgOY,Pranks That Went Horribly Wrong,2016-03-19,274,2184997,90240,2937,video
k9zko79_3_I,Who Founded Faze? Who Created Faze Clan?,2016-03-18,325,2066552,72920,3756,video
fYnPyLfxSJg,Subscriber Goals For 2017,2016-03-09,234,89042,2968,1334,video
pBH_QL4JGcI,"20,000",2016-03-08,256,222482,6429,854,video
1wtFD9zSQO8,The Dreaded Unanswerable Question,2016-02-29,270,218448,5348,377,video
VqhjiwmGNKA,WORST THUMBNAILS ON YOUTUBE,2016-02-28,156,636659,24813,1150,video
EhZ9gHZOZT8,Beast Goes Camping (Didn't Go Wrong) (Didn't Go Sexual),2016-02-20,285,231348,5496,377,video
LHtkve6-O0g,NBA Interviews Gone Wrong (No Gun Pulled),2016-02-20,154,74282,2062,158,video
m3Ol8zn7brk,Movie Trailers Be Like,2016-02-15,102,122274,4644,276,video
qBiZA4QDsj0,What Is Youtube Red? Should I Buy Youtube Red?,2016-02-10,279,115641,3921,340,video
NeOrh4GnPZ4,Things I Hate #2 - Youtube Edition,2016-02-09,261,182660,7776,1421,video
fWhfOAuOqjY,Super Bowl Commercial 2016 Cost - How Much Does A Commercial Cost In 2016 Super Bowl?,2016-02-07,177,103985,2608,329,video
9Ax56oRhcZc,Counting To 10000 In One Sitting,2016-02-01,12581,68452534,710211,56974,podcast
-cWVrFABWHw,HOW TO MAKE A VIRAL PRANK VIDEO 100% LEGIT,2016-01-26,146,184633,6174,432,video
z7qtJAAV5d0,Is Obama Dead? Dumb Google Searches!,2016-01-24,324,234097,4726,289,video
9pk-neTrDoM,How To Be MrBeast (Made By Really Old Subscriber),2016-01-23,321,75649,2944,283,video
JQscW6DfNZY,Should You Play Video Games?,2016-01-22,179,105166,4369,196,video
9smE_EiKJ8Q,School Is A Waste Of Time,2016-01-21,174,140024,5885,741,video
hfaPkoXeYfU,Is Michael Bay My Dad????????,2016-01-18,102,82519,2451,249,video
u0hHxeWkB_o,Lottery Taxes - How Much Tax Is If You Win The Lottery,2016-01-16,220,139737,3684,253,video
64WGWubQO3I,Motivation For Small Youtubers #3,2016-01-12,211,191379,9609,1207,video
QJUs6CSRCFU,Giving Away Two $15 Gift Cards (forgive me boyz),2016-01-10,191,63849,3223,581,video
Om4c4ilT_6g,Do Dislikes Matter On Youtube - Are Dislikes Bad Or Good?,2016-01-07,264,388464,23708,2010,video
GbOfxRfHdeg,How To Get Active Subscribers On Youtube? Tips 2016,2016-01-05,345,101863,4602,728,video
yzxYCRDcGDs,Reaction Channels Are Stupid??????? #JCTG,2016-01-05,194,81541,2252,431,video
PCakYf_PnT0,Goodbye Laptop,2016-01-01,136,175359,7064,621,video
8nv_ltg4RAg,2015 Year Highlights,2015-12-30,243,81940,2716,552,video
VvphlSvCyj8,MrBeast Rest In Pepperoni 6000,2015-12-27,184,229936,5926,454,video
JP3v6UxI124,How To Think Of Good Video Ideas (Tips),2015-12-26,373,139784,8424,570,video
jRURlbRAUhI,Whats That Song Name?,2015-12-24,112,200652,7581,1438,video
I_3R9YGFlHE,The Anti-Beast,2015-12-23,159,1011979,31026,1791,video
xjJJ_wDlc1E,"Reacting To Family Accounts (MamaBeast, MrBeast'sLaptop, Etc)",2015-12-22,564,952109,20541,1957,video
cqirhwhq_qM,Do Youtubers Pay Taxes????? (USA),2015-12-19,391,120206,4613,422,video
3IQdDBwc42o,Why Does This Video Have No Thumbnail?,2015-12-15,181,109991,4267,450,video
4YHnf3YepwU,Totally 100% Real Epic Ping Pong Trickshots,2015-12-11,81,108995,4536,308,video
uxzBq4Y_fNw,Exams Be Like,2015-12-10,234,561586,15633,1216,video
HIhUkvAG0o4,How Many People Have A Silver Play Button????,2015-12-08,213,525750,13804,833,video
cpI5lCaqZcQ,How To Get More Views And Subscribers On Youtube (2016),2015-12-03,192,81619,3561,330,video
6zQhLOw1nw8,Should You Do COD Commentaries In 2016????,2015-12-02,227,64066,1480,289,video
mfvi_jgdVqE,THINGS I HATE #1,2015-12-02,220,515258,16282,1698,video
zExxMxcoJ6A,Worst MrBeast6000 Intros?? (Fan Made!),2015-11-30,133,501066,13427,1607,video
hD_Af6W2qug,Dear Razer Can I Have My 70$ Back?????,2015-11-29,179,7618006,347941,24380,video
XOtTKQujlkI,"How Many People Get The Golden Play Button? (1,000,000 Subscribers)",2015-11-28,180,169479,4014,582,video
dRqthQ2Mc_0,"Spam404 Has Terminated 5,000,000 Videos (Including Pewdiepie)",2015-11-26,143,119196,2753,287,video
8TFq_vvO_Wg,MrBeast6000's First Video (So Bad lol),2015-11-19,187,14230452,532613,34723,video
oo8ve4Ldpck,The Evolution Of My Youtube Banners,2015-11-18,59,80961,2540,402,short
sKn8Tbp2a-4,"Shark Tank Most Successful Products, Entrepreneurs, Or Businesses 2015",2015-11-08,294,151778,1391,189,video
g0IrVKXIbmE,PSYCHO FRIEND SMASHES MY LAPTOP! (Mc Juggernuggets Parody),2015-11-06,92,336382,11979,903,video
2Om2M4_Kyd0,FREE TO USE BO3 GAMEPLAY - 1080p,2015-11-03,165,63859,1955,250,video
KaaEivIqX6M,Double Agent (Short Film),2015-11-01,470,184764,6435,489,video
W4gBpws7Ug8,YOU ONLY DO YOUTUBE FOR VIEWS,2015-10-29,334,90705,3632,284,video
NT3EkjxO8hs,"10,000 QNA With MUM",2015-10-29,235,357755,14795,1891,video
syMozMiJneM,Why I Stopped Playing Video Games - Video Game Commentary,2015-10-25,284,70706,1772,222,video
Wt6cMjn3YLg,YOUTUBE RED STEALS CONTENT CREATORS MONEY? What Is Youtube Red?,2015-10-21,326,64701,2431,207,video
OEuS7fjMlMc,Millions Of Views!,2015-10-18,227,1190334,35282,2353,video
1Pr-R2nKTY4,"How To Get 1,000 Subscribers On Youtube - Vlogs Gaming",2015-10-15,179,102841,4457,518,video
QqdUhn99E-s,High School Education Be Like (Paying Taxes),2015-10-14,166,68139,2148,238,video
1UygJmcHUdQ,I Got Bored Of Studying So This Happened,2015-10-13,129,850115,23554,1133,video
g4DAFnZcCcQ,Best Microphone For Youtube (Gaming Commentaries Vocals Singing Podcast),2015-10-11,217,63866,2099,356,video
LTr8cXAxy1I,9k Subs - Channel Talk,2015-10-10,275,132909,4281,892,video
Ow3xqv7ahXo,How Much Money Does Bill Gates Make / Have - Billionaire,2015-10-09,244,159037,4390,357,video
TRiF8PdrIP8,MrBeast6000's Channel Trailer,2015-10-08,115,1686278,126817,12090,video
NFZ_MtTvwm0,Best Non-Copyrighted Songs For Videos! (Intros Vlogs Gaming Trailers) 2016,2015-10-05,179,96327,2733,282,video
Pgxi8dsUW-o,Is Being A Youtuber Hard? Is Being A Youtuber Worth It?,2015-10-04,321,128204,4918,707,video
YY2-jJojnOA,Best Green Screen Lighting Ever? (Joking Obviously),2015-10-03,204,711832,15524,802,video
7Pogam71094,How Do Youtubers Make Money? How Do Youtubers Get Paid?,2015-09-29,366,144587,4194,525,video
DL0OPJ2hahc,Increase Youtube Views 2015! COMMUNITY CHANNELS - Boosting Youtube Views,2015-09-27,232,63959,1885,309,video
WwE0tR08OTU,Originality - A Youtube Poem By MrBeast6000,2015-09-26,108,64424,2278,319,video
2LIJtcI4dbg,Stupid Things People Search On Google,2015-09-25,317,1381299,72089,3997,video
rXnaD7PU9kY,"Ad Blocker For Chrome and Mobile, Should You Use It?",2015-09-23,315,93719,3275,499,video
Ng_qwlvhrJo,PC Master Race Vs Console Peasants,2015-09-21,119,64711,2435,269,video
bzIPun3cVsw,Shia Labeouf Motivates Youtubers!,2015-09-19,88,455666,11962,682,video
miKQkeq5sbU,Knives In Video Games Cost More Than Real Life????,2015-09-18,223,71746,2241,282,video
Lwt_VThQIdM,"Why I Sold My PS4, Not A Gaming Channel???",2015-09-18,246,63907,2360,333,video
P2oPACr4uuU,Selling PS4 For $250 + Elgato For $100!,2015-09-16,158,63851,1808,326,video
h-D6ukDcS9o,Do Tags Do Anything On Youtube?????,2015-09-13,217,181661,6344,637,video
mY77HA20MzA,Bronze And Platinum Play Buttons?????,2015-09-13,263,1691966,33104,2686,video
4krBgDFycgY,7k SUBS! Smashing Ghost + AW! Plus Channel Talk!,2015-09-09,298,99284,3285,375,video
dpUxRIqbNlc,Exility vs Dr.Pineapplez - Misleading Contest!,2015-09-08,258,63850,4635,900,video
Cp431S5z8PE,6 Uses For Your Advanced Warfare Disk!,2015-09-07,65,63901,2244,428,video
ttLYXcza4j4,MrBeast’s Outro Song,2015-09-05,131,8774616,388709,18317,video
3-f9DEFsh4w,Watching Video Games Is A Waste Of Time????,2015-09-05,243,63875,2057,420,video
vuOTP206zWM,"Pewdiepie's Shoutout, What Would You Do If You Won?",2015-09-05,278,63884,2200,357,video
J590MYm0SY8,How I Will Survive The Zombie Apocalypse!,2015-08-31,361,244621,6847,734,video
vGB2d5cQJpY,How Much Money Do Youtubers Make? Real Numbers!,2015-08-30,194,462365,12488,765,video
M94G0iKYiSM,HONEST Shout Out Sunday! Free Subscribers!,2015-08-30,210,63849,1919,545,video
pGYyUssWLTA,Social Media As A Job????,2015-08-29,189,63848,2303,524,video
j7kM8G_AjuY,Airplane Pilots Last Words Before Death,2015-08-28,149,161482,2853,237,video
deK-My3Of0o,How Much Do T.V. Commercials Cost?????,2015-08-28,209,63853,1690,276,video
oB8kFFvJdhE,How To Tweet When You're Dead! DEADSOCIAL Facebook And Instagram Also!,2015-08-27,269,63858,2043,487,video
X9eXa-Uzuj0,My Favorite FaZe Clan Members?????,2015-08-26,234,65784,1853,225,video
GxTVDClFXuc,MrBeast6000Subs,2015-08-23,320,953663,58655,5202,video
kGaq-Qi9hoE,"Youtube Networking - Aka Fake Likes, Subs, And Comments",2015-08-21,268,78792,3251,811,video
9zFfp3gzZ88,I Hate Youtubers That Ask For Likes,2015-08-20,256,233433,11511,743,video
mM2KwBYa-u4,My Mom Found My Channel!! :0,2015-08-20,269,808557,26423,2515,video
WAcmsAISniQ,1080p FREE TO USE BLACK OPS 3 GAMEPLAY,2015-08-19,143,89827,1958,183,video
kqUT-s3a6tU,"Black Ops 3 First Impressions, My First Game",2015-08-19,221,63854,1794,429,video
NUVglXbGBfs,Dogs Opinions On Youtubers Getting BO3 Early,2015-08-18,76,113781,3220,188,video
T-v4b3WtPAg,BO3,2015-08-18,221,1553078,38002,2663,video
m8qGlpcfAIw,Xbox One Destroyer? COD Advertisement Is Free,2015-08-18,248,64029,1783,305,video
uZPkMnv8b-o,Modern Art Is A Joke,2015-08-15,176,72613,2021,161,video
qVLr6SMxvJw,5 Steps To Becoming Successful On Youtube!,2015-08-14,193,97383,3782,408,video
4AigP5OY8JE,Time,2015-08-13,122,104275,2321,289,video
RMoFUeBVefA,Beast $500ish Youtube PC Great For Making Videos!,2015-08-12,244,93691,1650,193,video
ep7S1XnuQLU,"5,000 Hype",2015-08-11,185,173224,3645,571,video
p6bzNpgbX8Y,What Is Crohns Disease?????,2015-08-10,261,319045,7608,623,video
6T17licWsQ4,Leaving For 7 Days,2015-08-09,431,65091,1547,307,video
1s6UOlWdpw4,Motivation For Youtube - Ultimate Small Youtuber Motivation #2,2015-08-08,209,217963,7934,751,video
3LuchpUc7PU,Should I Buy An Elgato Game Capture??,2015-08-07,177,63846,2206,561,video
_f6xCA0-gAo,Fanboy Opinions On Black Ops 3,2015-08-06,236,63842,1501,331,video
lfD7kMZKuNg,Big Channel's Starting Over???,2015-08-05,199,63849,1687,312,video
ejlkNGm82w4,SAT And Some Random Stuff,2015-08-04,206,63879,1836,689,video
Jtj9rUqlB1Y,How Many Youtubers Are Millionaires???,2015-08-04,169,133499,2073,267,video
ZqzFRGH_tMQ,Always Changing My Name? Mr.Beast or MrBeast6000,2015-08-03,161,196776,4564,529,video
94A-bsumX9A,How Much Youtube Money Do I Make???,2015-08-03,148,459793,10600,702,video
gYaxI_allkQ,Am I Ian From Smosh????,2015-08-02,138,1232296,14687,698,video
AjXbO2XfBkE,How Do You Turn Off A PS4? Xbox Noob In Need Of Help,2015-08-01,72,108395,2208,305,video
ZQZzR0DUujc,"New Optic Gaming Gear Coming To Advanced Warfare, My Thoughts",2015-08-01,151,63861,1932,453,video
-V3-fhJQZkk,Youtube Collabs? Collabbing with Mr.Beast?,2015-08-01,213,123977,2327,224,video
QX0wvWGW2qg,Sacrifices And Youtube,2015-07-31,219,63865,2843,535,video
oODUkNQAzXU,5$ To Advertise Your Youtube Channel???,2015-07-31,121,186374,3221,276,video
2jWZtKTN6jU,Reuploading Other Youtubers Videos? Stealing Big Youtubers Videos.,2015-07-30,254,63842,1616,257,video
zsADECFHY8w,4k Subscriber's! First Channel Story!,2015-07-30,314,120581,3327,430,video
Feh8o-HmthM,People Who Got Rich From Movie Trailers On Youtube,2015-07-29,206,110017,1715,227,video
6Xv-LVYZQxk,Beast Gaming Set Up #almost4k,2015-07-29,151,97573,2602,415,video
8-0ZHJHp9g4,Advanced Warfare DLC 4 Honest Parody,2015-07-29,157,63868,1733,420,video
QqIG0R-KpGk,World's Worst Thieves,2015-07-28,209,105862,2249,189,video
qENpZBzgaUM,VANOSSGAMING IS IN TROUBLE,2015-07-27,173,265745,4069,560,video
4DYBVA4884Y,SpiderMan Robs Walmart?????,2015-07-26,187,63859,1732,272,video
skEf9R0TXkM,My Upload For ThunderstruckGaming,2015-07-25,220,63861,1560,290,video
CnMv_zTXZ38,Best FNAF 4 Fake Reactions! So Funny lol,2015-07-25,147,97500,2809,372,video
bEIK5ni_Pzs,How Many People Get The Diamond Play Button?????,2015-07-25,236,1827595,18581,2757,video
_oZyp4mTzSQ,Supply Drops For Charity! Ep #2,2015-07-24,302,63841,2342,1121,video
is1LSWbssuA,Best Thing To Happen To This Channel?????,2015-07-23,88,63848,1957,331,video
XR_q9_LEKuc,Supply Drop Challenge For Charity,2015-07-22,295,63888,2438,609,video
X9UiBpDHW3w,FaZe Clan Vs Pewdiepie Who Would Win?????,2015-07-21,171,76052,1300,171,video
PRU47AuQF2M,"FaZe Adapt ""Stuttertage""",2015-07-20,284,140154,4173,453,video
Y3Rxgf5_R_I,The COD Community? Sleeping With Your Mom?,2015-07-19,183,63843,1978,509,video
R6zuvKbvKyU,Exility And Some Other Stuff - Update Vid,2015-07-18,285,63861,11479,3335,video
yCKe65Nvp0Q,Every Minecraft Let's Play Ever In Under A Minute,2015-07-16,60,130405,3850,297,video
XBe57FyB2xU,Why I deleted Today's First Upload,2015-07-16,115,68637,1606,204,video
zpCwHwWgbsI,What Is Spam404?????,2015-07-15,311,63850,1500,370,video
lh61MVUxJt0,The History Of Pewdiepie In 2 Minutes,2015-07-14,126,274860,7441,570,video
yWnmEPgLroQ,TWITCH STREAMERS REACT TO RECEIVING THOUSANDS FROM SAME GUY!,2015-07-13,452,226566,2292,267,video
eBklqeeIu10,I Hate Spam On Youtube,2015-07-12,189,63841,2078,638,video
SgMydsOucFg,INSANE TRIPLE LEGENDARY SUPPLY DROP! BEST OPENING YET?,2015-07-11,209,63847,0,367,video
jPm3hRiMKuU,Low Bridge Causes Dozen's Of Wrecks! 11-8 Bridge,2015-07-10,223,63859,2337,575,video
OweuuinkVZI,3k HYPE,2015-07-10,203,170568,4812,681,video
7Pr0HP-Trgk,How To Become A Gaming Youtuber! All You Need To Know!,2015-07-08,422,63898,2183,501,video
UEK0fYAqMss,My Solution For The Theft At The FaZe House - @FaZe_Rain @FaZeAdapt,2015-07-08,187,63848,1367,255,video
lRznKN2oPUc,5 Popular Channels That Were Terminated,2015-07-07,300,140731,4538,1001,video
IDrS_TrjuK4,What Is Youtube Terms Of Service?????,2015-07-07,249,64903,1464,263,video
J1lhxfZtR3M,Do You Think You Will Be Famous?????,2015-07-06,224,163170,3367,644,video
b_o8cz0ZNdk,What Is Swatting? Why I hate It!,2015-07-05,259,105621,2490,248,video
i5dhcAxO25Q,Reddit Is In Chaos After Firing Victoria,2015-07-03,106,69272,1209,179,video
-o_8CDbFMJ0,Paid Promotion On Youtube Good?,2015-07-03,439,67126,1289,179,video
v5J1Cycn3s8,How To Gain Youtube Success,2015-07-02,162,102397,3422,348,video
YJiqYG-Mylk,FaZe Members Reaction's To Joining Faze,2015-07-01,191,640232,14212,724,video
jGE1sUTeR5g,Battle of The Beasts Round 2 Winners!,2015-07-01,847,63859,1551,346,video
0tZCQ25fsoI,Youtube In 10 Years?????,2015-06-30,186,1689078,116007,12955,video
N9jTogPwqVY,The Ultimate Motivation For Small Youtubers,2015-06-29,164,329033,16856,2031,video
yyJ7xEcENNI,How Much Does Pewdiepie Make?,2015-06-28,233,283446,3394,230,video
3rJgCGMPEqA,Random Stuff You Don't Care About,2015-06-27,142,63843,2274,481,video
7isfkomGg7o,Battle Of The Beast Round 1 Winners!,2015-06-23,553,63856,1607,255,video
UCYefSGBP00,The Truth About Big Community Channels,2015-06-22,273,63843,2206,885,video
dvdGkRK5a_0,WORLD'S FIRST BLACK OPS 3 GUN SYNC!!,2015-06-22,81,77131,1741,168,video
X7doE4h6W64,Insane Gun Sync - 7 Hours To Make,2015-06-21,134,63854,2348,591,video
GhppzOzN3MM,Battle of The Beasts Bracket!!!! (Not accepting anymore),2015-06-20,98,63875,1620,356,video
QkXDatNdL4U,Free To Use Advanced Warfare Gameplay! 2015,2015-06-19,125,63863,1739,385,video
hyt2t4r8lQ4,Battle Of The Beast Tournament UPDATE!,2015-06-18,152,63850,2021,700,video
-mlok5iT3GE,My Top 5 Favorite Things At E3 2015,2015-06-18,150,63879,1893,478,video
STvOHHgJ1sQ,Battle Of The Beasts (youtubers needed),2015-06-17,183,63881,1571,368,video
2-ErX5oDzwM,History Of COD Part 2! Black Ops 1 - History Of COD On Youtube!,2015-06-13,649,63848,1359,180,video
7ytYV-tVIvg,How Did Notch Become A Billionaire? How Much Did Minecraft Sell For?????,2015-06-12,216,127236,2857,219,video
ELIoOUKSOJQ,Top 10 Richest Gaming Youtubers?????,2015-06-11,245,292008,8223,549,video
uAoayezOaug,Markiplier Is A Great Man! Sub shodleech!,2015-06-09,123,241385,2380,165,video
Vr2337tCLCI,Insane Advanced Warfare Hacker!,2015-06-07,134,63870,1941,380,video
NV7qmqbS8tM,"What Is Considered A ""Bad Video"" On Youtube????? #karnageRC",2015-06-07,252,85163,1619,184,video
U9c-ycvw02A,I Think I Am Going For The #KarnageRC,2015-06-05,232,63878,2021,564,video
GfgcVOuHLAo,Every FaZe Video Ever #karnageRC,2015-06-04,197,63890,1876,274,video
zi7tZ-2PhLk,How Much Money Do You Make As An Uber Driver??????,2015-05-31,304,63861,1412,213,video
TacjQmKCiZg,How Much Does Faze Rain's Giveaway Cost??????,2015-05-30,73,63860,1667,407,video
AIytwdufwW8,MY MESSAGE TO COD YOUTUBERS (Watch till end plz),2015-05-29,292,64263,1485,251,video
KLAI0c0Spog,Best Of FlipArtz - His Best Advanced Supply Drops EVER!,2015-05-29,640,138107,1503,125,video
UVin8WtE5eU,Summer Is Finally Here!,2015-05-28,146,69062,1278,262,video
wNuxirsrwBk,Why Are Things Unbalanced In Video Games?????,2015-05-28,210,105430,1457,181,video
6bxZpS0cm5o,New Channel?,2015-05-23,291,181800,4409,437,video
ajJbMGq9AS4,"Youtube ""Freinds""",2015-05-23,279,111080,1665,214,video
UXw9jqgJNNc,"Youtube Stat News - Vevo Gets 10 Bil. Views A Month, Channel Milestones, and more!",2015-05-21,328,63853,2478,817,video
E3CqKvlzl-I,Big Changes??? Idk just watch the stupid video,2015-05-18,394,63873,1845,406,video
zfDr05ax0gM,How Much Money Does DramaAlert Make????,2015-05-15,92,63842,1932,361,video
56OkH6ocYZU,L0114R - Biblical Creeper Post for Post @L0114R,2015-05-15,88,63850,1288,251,video
w40Z8aT5fpQ,Why Do We Do Things That Are Bad For Us?????,2015-05-14,204,63879,1914,287,video
zgDezsMQyyU,How To Monetize Your Videos And Make Lots Of Youtube Money!!$$$,2015-05-10,623,63957,1737,327,video
UEwnitHoSDw,DIY $23.00 Mini Sound Booth? Does It Work?,2015-05-09,229,163815,2882,206,video
__SaaKSW9iE,Cut Coms vs Uncut Coms,2015-05-09,159,63857,1591,342,video
qWnyJ55KBKo,Minimum Wage,2015-05-07,119,83547,1738,182,video
52awie9G00A,My New Channel Trailer ;),2015-05-07,77,70236,1781,214,video
bB99NdUoxEQ,Why I Changed My Channel Name,2015-05-03,196,156785,3780,351,video
7GjSaNi8Epg,How Overpriced Is Movie Popcorn?????,2015-05-03,160,63853,1628,325,video
h5uE4ERMiTk,Screw Warface,2015-05-02,217,63847,1619,263,video
umRLkCrmwcs,My Problems,2015-05-01,247,81458,2098,244,video
rHoLyltYDtQ,Ma Channel,2015-04-29,168,63859,1718,301,video
yeHjsYQ076A,Remember When COD Was Fun?,2015-04-26,216,64381,1867,402,video
pqrdPu2ESFo,My Baby Got a Virus :(,2015-04-25,175,86541,1746,233,video
ywZy_Fo2ydo,Modern Art Is A Joke,2015-04-25,169,63871,1606,235,video
qr4v9pdfVlU,Cheat Channels,2015-04-24,214,63859,1778,392,video
hgiPX33AHas,Time,2015-04-22,114,98879,1894,168,video
oZ-Mn5p1xMw,"2,000 Subscribers",2015-04-18,145,440126,22585,3887,video
5UPa_hu5opg,Youtube,2015-04-14,277,110703,2446,236,video
zv_oq5UNDAo,"How To SAT, Get Into Yale",2015-04-13,245,65237,1407,193,video
NiqkH7qVW0U,100k Subs With No Videos????,2015-04-11,259,500303,9689,2799,video
boBokLXe5o8,Is Jacksepticeye A Millionaire?????? 2016,2015-04-09,190,247335,3708,675,video
7YOzgk-U4EU,How Rich Is Buzz Feed???,2015-04-07,205,79470,1210,203,video
prdSftLj9-g,How To Do A High School or College Paper!,2015-04-06,236,112943,2024,212,video
pzlPJmNyepA,What is Crohn's Disease?????,2015-04-04,423,558984,18505,1220,video
QNoqAnJOSqU,What Happens If You Get A Copy Right Strike??,2015-04-03,232,188883,4592,546,video
kzIA4vKyhRQ,5 Steps To Becoming Successful On Youtube,2015-04-02,193,212794,9067,769,video
DfonKqMENrg,Making Youtube a Priority,2015-04-01,196,71107,1827,225,video
MUQCwdkEbq0,Why I Was Not Uploading,2015-03-21,95,66284,1374,215,video
JlUzoQN9FWw,Youtubers Analytic's Explained,2015-03-06,217,68984,1562,172,video
0VjLq-go1fg,How Much $$$ Does Every Member of FaZe Make COMBINED????? 2016,2015-03-05,237,113491,1740,316,video
uCIpW9zOmgI,Is Pewdiepie The #2 Youtuber?!?!?  :0,2015-03-04,235,101840,1857,325,video
Z0Poefgrs4w,How Much Money Does Smosh Make????? 2016,2015-03-03,167,86459,1461,223,video
MLN6TRB9Jxw,Who Are The Worst Youtubers?????,2015-03-01,216,297613,4388,428,video
vZrL_FFITgs,Subscriber Goals For 2016,2015-02-28,248,65111,1620,579,video
L7lGD_anC00,How Many People Do Youtube as a JOB?????,2015-02-26,174,65268,1559,236,video
xu1nhAfnMGA,How Much Money Does Syndicate Project Make????? 2016,2015-02-24,203,99775,1271,256,video
D1livXdFGkQ,Are Youtubers Millionaires?,2015-02-22,195,216116,3610,440,video
bwp_3qLgWpQ,Magecraft - Epic Hit! 11k Troops killed.,2015-02-21,233,63892,1536,357,video
tZpnfF0-7Ls,Highest Paid Musicians????,2015-02-17,288,159725,2329,312,video
BwAMltY3-c0,Making Fun Of Youtuber's Intros.,2015-02-16,114,327538,7683,607,video
7HBR3Ea72CY,10 Things You DIDN'T Know About Youtube!,2015-02-08,181,81694,1728,180,video
Ds9H2UnUHL0,Quitting?,2015-02-06,226,146750,4999,682,video
iqUFeWAVp-0,How Much Money Does Markiplier Make????? 2016,2015-01-04,154,160914,2382,250,video
W2skFWRk6qo,PewDiePie Uploads A Fake Video! LOL,2015-01-01,155,94617,1671,216,video
X_qd-1xSTFA,Pewdiepie Was On T.V.,2014-12-07,149,172152,3583,408,video
VWa0ImMY2bQ,Five Facts You Didn't Know About Youtube.,2014-12-01,261,114853,2251,249,video
fEcASr38n2E,Milestones And Plans For My Channel,2014-11-30,180,82487,1846,287,video
udmf5MQLNGA,How Much Money Did Gangnam Style Earn??? 2016,2014-11-26,144,116419,2109,250,video
0dg2eR2NSQ0,Best League Player In The Universe.,2014-11-23,180,331821,17087,942,video
6BNOWeYFyP8,MageCraft - Beginners tutorial. (The app),2014-11-17,527,64240,1404,229,video
LDegY-H60_U,How much money does VanossGaming Make? 2016,2014-11-02,200,379282,4956,297,video
D51HaR-XvgM,Opening Old Basketball Cards! Ep. #1 (Michael Jordan Found),2014-10-21,267,217417,4333,346,video
Rio7r_vLUEo,20 Best Websites?????,2014-08-29,404,218092,3782,487,video
8E5Ygl02wtM,"How Much Money Does ""Chris Smooth"" Make?????",2014-08-21,242,83636,1380,191,video
moMJjt5KECc,Money Problems,2014-08-20,242,324165,5471,423,video
OffgqPzDi7Q,Vanoss vs Speedy! Who is better? Updated.,2014-08-20,225,63849,1671,382,video
B_7uD3B62MM,Welcome To My Channel!,2014-08-18,28,91382,2084,197,short
bA20RJcegOI,1500,2014-08-08,143,344939,9490,1671,video
NbHwVDt9Rjk,How Much Money Does Yogscast Make????? 2016,2014-07-13,226,64654,1182,181,video
VzsE09KjpKA,How Much Does WhiteBoy7thSt Make????? 2016,2014-07-11,207,356053,3072,235,video
HduubRTdko4,"How Much Does ""Epic Rap Battles"" Make?????",2014-07-10,200,63855,1656,257,video
qFOGv5zuTdw,How Much Money Does FaZe Make?????,2014-07-09,198,63847,1771,323,video
u6t4jrhs56Q,"Top Youtube ""ShoutOuts""",2014-07-09,365,63866,2068,383,video
460GXJiGCEs,Youtube Dream,2014-07-08,271,85023,2419,620,video
ZiuoOcj2eLY,In Dis Video I Play Minecraft. (Factions),2014-07-05,529,65087,1794,211,video
LYK6SPMtJ_Y,Youtube Grind,2014-06-28,200,132714,3107,233,video
2ljWxaMvE_0,Hacker in Ghost???? I Couldn't Kill Him.,2014-06-22,36,63878,1817,425,short
rSuuQ_s8gOw,How Much Money Does Tmartn Make?????,2014-06-21,157,63846,1859,385,video
vKKhX-Uyggw,How Much Money Does FaZe Rain Make?????,2014-06-18,215,76277,1520,174,video
EAwXH82m-6A,G2g Brb,2014-06-16,180,63853,1955,464,video
U_07AG_CR5A,Crazy Nub Tub Reactions! Bo2 Fun!,2014-06-13,220,63856,1864,414,video
Xe0AGtF5aNU,Fun In COD. - Insane Reactions Lol,2014-06-10,229,63843,1930,457,video
NCv0drAPm_M,Minecraft Build-off Fun!!!!!,2014-06-09,213,81594,2104,221,video
HuLAAXZXIy0,This Kid Should Quit COD....,2014-06-02,77,89575,1767,217,video
pV7UcYW1OwA,Computer vs Console My Perspective.,2014-06-02,206,119962,2498,356,video
x4IXCimma-s,5 Youtubers I Think Will Be Famous...,2014-05-31,264,254190,6025,935,video
anZbhN0Wh_4,How Much Does PewDiePie Make????? 2016,2014-05-24,206,461992,6168,467,video
3Q3pQmzWyZM,I Got Really Really Really Bored....,2014-05-24,52,65078,1875,376,short
BqS4iVHa-LU,How Much Money Does Penguinz0 Make????? 2016,2014-05-16,175,104117,3259,369,video
zX04jQFKCpo,How Much Money Does CaptainSparkles Make????? 2016,2014-05-15,183,872410,8008,621,video
G7Y9ban7b0U,How Much Money Does Tobuscus Make?????,2014-05-14,142,81568,1559,241,video
EMVvA5Cr0fY,COD IS NOT DEAD,2014-05-08,202,87619,2391,311,video
e14MroQ5k_s,Storm,2014-04-30,181,291343,8240,936,video
CuzdxsOXEZ8,Hearthstone - All Beards Challenge!,2014-04-24,1433,89657,1793,266,video
67Wj-0OyKOM,Youtube ad.,2014-04-20,38,590162,10662,444,short
LWstCINhd8g,Impossible,2014-04-20,233,95351,2847,350,video
dg6iqLCPizs,Motivation,2014-04-17,174,104352,3413,288,video
cRPldarzw-M,1k Subs,2014-04-13,195,17632126,1274271,88543,video
-rdYtmUejSE,Yup I is the best at the game.,2014-04-05,417,309924,5578,570,video
tusuuI7MEJU,Should I join FaZe?????,2014-04-04,210,981361,18968,1832,video
XDe5f8BEvwY,"Youtube Networks Requirerments. (Machinima, TGN, 8byte....)",2014-04-01,286,99436,1440,194,video
BtCGABBPH9s,Two Years of Youtube.,2014-03-31,271,516815,10431,1068,video
KJ_C_NSl0P8,"How Much Money Does ""Element Animation"" Make?????",2014-03-30,209,213051,4017,438,video
LI8nWXeYtOs,"How Much Money Does ""Skydoesminecraft"" Make????",2014-03-30,167,85975,1731,394,video
LMe7k8I082w,Should College Athletes Be Paid?????,2014-03-29,276,98322,2046,308,video
h77pHTSPSiw,"""Beast"" Channel Trailer",2014-03-28,121,76087,1933,236,video
JUiijjJOInw,What It Takes To Be A Full Time Youtuber...,2014-03-27,281,66983,2013,478,video
gpbY6zCEBv4,How Video Games Boosted My SAT Score. Lol,2014-03-26,177,69444,1836,250,video
Kgu2ApayYvI,How Much Money Do I Make?????,2014-03-16,250,166403,5079,681,video
S9PIukDRcvk,Update,2014-03-13,261,77945,2046,363,video
lrw3zkGS9Vc,Subscribers.,2014-03-08,180,123176,3337,1114,video
IQYW_lVBYGo,How Much Money Does KyR's Speedy's Crew Make?????,2014-03-02,174,108321,2078,312,video
iOjxpow6jow,How Many Youtubers Are Millionaries?????,2014-02-26,233,548121,9383,1873,video
GdD2pqAdjXY,"Flappy Bird - Builders Showdown, Which is Better?",2014-02-23,85,129154,3374,448,video
nmHCmLVLxcU,New COD Zombies In 2014?????,2014-02-23,151,91450,2308,369,video
TZPlDuYrcDQ,Minecraft Mansion Timelapse,2014-02-22,302,636331,19932,2310,video
Oub4nMrNTqQ,Top 5 NON-COPYRIGHTED Songs!!!!!,2014-02-17,204,137550,3607,633,video
h5Z36IuyrKc,Vanoss vs Speedy! Which is better?,2014-02-16,187,125507,2822,928,video
2IGxSOfsBok,I Hate Pewdiepie!!!!!,2014-02-01,126,3063250,224457,14468,video
ZxkLCq49Tvk,Does Spam Work?????,2014-01-20,255,514398,7705,768,video
smDPnIdlkhM,100th VIDEO SPECIAL!,2014-01-20,284,494442,15027,1694,video
DjMYkWCEan8,The Vortex SMP Episode 1! Just Derping Around and Explaining Things.,2014-01-18,1519,150276,3850,415,video
3nn_skHgkqI,Has Youtube Met Its Match?????,2014-01-12,164,121968,2466,293,video
A8IkOqb_7Yg,How Much Money Does Pewdiepie Make????? (Updated 2015),2014-01-11,250,2121995,30324,2153,video
hHl_YMivv3c,"Battle Pirates, my base.",2013-12-31,176,94735,2106,340,video
7mLSbgyjM0g,"Battle Pirates, Hellstrike Base attack.",2013-12-29,172,82723,2066,330,video
TGKkMl17Htg,"Battle Pirates, Unstoppable Ship!",2013-12-29,133,66364,2386,738,video
Qw3eFnsSdlQ,Best Hellstrike Build???? (Battle Pirates),2013-12-29,97,66281,2092,534,video
KcNCJ1mgt14,"Marauder Builds, Battle Pirates In Depth Builds.",2013-12-29,186,66380,2375,713,video
A4lp4FRCo6o,"Battle pirates, How To Auto Lvl 40 Salvages.",2013-12-29,78,69959,2138,452,video
WYKZz3Zygdc,Hellstrikes vs 7 halos!,2013-12-27,96,98625,2154,415,video
5U2fmvh9_Is,"Battle Pirates, Hellstrike vs Epic Base!",2013-12-24,58,82807,2093,380,short
xvIpibLjs5k,"Battle Pirates, Another Hellstrike Fail.",2013-12-18,57,82609,2127,370,short
jlpAON0ePME,Battle pirates Hellstrike fail!,2013-12-18,47,82283,2122,359,short
sfp0a6zDoNQ,"Battle Pirates, lvl 66 vs Missile Cruiser x Fleet!",2013-12-17,84,83910,2098,308,video
RaDRWNz3Al4,"Battle Pirates, Hellstrike Too Overpowered????",2013-12-14,160,82040,2176,330,video
Ms9MGkEm4mg,"Battle Pirates, All Sentinel Base.",2013-12-05,72,88020,2274,352,video
90wWStXJX5c,"Battle pirates, Lvl 58 Mercury Base Attack!",2013-12-05,76,124572,2649,367,video
ruSVy-u2DzM,"Battle Pirates, Stingray vs Mercury Epic Battle!",2013-12-05,66,86501,2550,509,video
pP1KMQb51GA,OpTiC NaDeShOt Got Hack!!,2013-11-27,164,90655,2455,508,video
dPxAFqs2eYE,"Epic Ghost Multiplayer EasterEggs! (PrisonBreak, Sovereign, and Flooded)",2013-11-17,100,126441,3472,348,video
p-KVD5rA_Cw,Why Google Does Not Care What We Think....,2013-11-17,180,498930,7843,807,video
JdCgkcb1iwQ,My First Kem Strike!,2013-11-16,269,100204,3439,738,video
7anhkLPRk-A,Google+ The Death Of Youtube?????,2013-11-13,163,159719,3621,423,video
XVMY7B3AzWM,How Much Money Does PewDiePie Make?????,2013-11-12,332,922363,15948,1500,video
QXag-irFHxE,Most Overpowered Guns In Ghost!,2013-11-11,160,133085,3951,387,video
vBEGODNmdas,Are Minecraft Faction Has A New Pet! (poopymiscquidlepants),2013-10-31,15,118607,3102,335,short
v3tbnlc5cfo,Battle Pirates!,2013-09-21,215,123287,4181,771,video
ObYLL97-SBA,How To Duplicate Diamonds!!!!,2013-09-15,37,195814,6749,609,short
IaR7P4-wFK8,50k Video Views!!!! EpicSauce!,2013-09-08,103,294573,9397,833,video
v1ELS84GQu8,If This Video Gets One Million Views.....,2013-09-07,46,13366035,1170170,71406,short
ctJORnOjbrQ,These Were The Good Days....,2013-09-05,52,202083,4918,471,short
-hrPQFaDVKQ,Channel Update.,2013-08-16,162,205299,4967,445,video
bIZ5_L1ru2w,Funny Noob Tubing Reaction Montage!,2013-08-16,149,144543,3931,453,video
yyssjJEJMt4,"Minecraft, How To Grief Without Being Seen!",2013-08-14,63,370329,18212,1500,video
2bwPntvb90U,Buried Round 50 Gameplay! Black ops 2 Zombies.,2013-08-12,82,158303,4762,476,video
Wz1VHTZq16c,Minecraft Let's Play Ep. # 2 - Having Fun and Derping!,2013-08-12,898,205548,7634,864,video
Cs-kyTJso-A,Worlds Biggest Ball Of TNT Minecraft!  Challenge Video!,2013-08-09,105,668589,19662,1700,video
jkqd-oc0F00,"How To Get A Gaming Partnership, And What It Is.",2013-08-08,409,113025,3912,675,video
mVkT6Cd9SoI,Camping Montage.... LOL,2013-08-05,200,115418,3729,550,video
rffyxTTNkyk,Black Ops 2! Mini Update Video.,2013-08-05,235,112131,4318,884,video
OOesLeO6-pc,Randomness,2013-08-02,318,112212,4502,896,video
Q5lcjP6XlHw,203 Kill Game! Thanks For 300 Subscribers!,2013-08-01,266,178976,6365,1065,video
sE3ZZmYotSs,Call of Duty Ghost Multiplier Reveal Trailer Release Date!,2013-07-30,230,135801,4366,613,video
pUwUAtmBKxw,Insane Black Ops 2 HACKER!!!!,2013-07-30,359,267212,7073,709,video
p5rGgPZtjDw,Top Subscribed To Channels? BO2 w/ commentary!,2013-07-28,339,138592,4872,826,video
bWDmDsdvoBs,Career Ender ....  LOL,2013-07-28,26,166456,4469,540,short
OJA1QK-j-Oo,I Bought A New Microphone!  (quality test),2013-07-27,175,176654,5445,604,video
KL1X8NsVGd0,Top 10 Worst Guns in Call Of Duty History!,2013-07-25,259,223731,7644,697,video
q2HoSwCMcZw,Black ops 2 Patch news!,2013-07-24,233,159069,5299,844,video
RRknlgRqOds,Black ops 2 Invisible equipment and scorestreak glitch!,2013-07-21,147,194897,5824,628,video
j93M46a-W3U,I'm Back! Update Video....,2013-07-19,204,213154,7096,765,video
uqjfMNEWNIg,Minecraft Let's Play! Ep. 1. The Beginning!,2013-07-08,1107,738584,25655,2653,video
X-g9aT2wFjM,Channel Trailer....,2013-07-06,49,298245,10405,925,short
pHKlrJeKmjA,Black ops 2 Shotgun gameplay w/ commentary....  Ps4 or Xbox?,2013-07-06,362,274802,6977,832,video
C82suucz4i4,Black ops 2 Gameplay w/ commentary. Hipsters,2013-07-03,261,387678,12524,922,video
H_DYlka7QAQ,Project Zomboid Let's Play ep [04] lots of stuff,2013-06-18,945,162224,6133,949,video
ov0KQthQ50U,Project Zomboid Let's Play ep. [03] Looting and storing.,2013-06-17,1474,155162,5914,1115,video
MC-7ziNt_U4,Project Zomboid let's play ep. [02] Just some chores.,2013-06-15,860,155476,6188,1063,video
PNsF1Uh5yP8,Project Zomboid Lets Play ep [01] Roughing it out!,2013-06-15,1194,273273,9468,939,video
9Y2sAtN5yRs,Gunpowder plus mod! (Grenade mod) Epic explosions for minecraft.,2013-04-21,158,240892,8423,853,video
-z349CGAOXs,Horse racing map for new update! (minecraft),2013-04-21,88,238560,8341,966,video
pl4xmh3RWfE,Amazing minecraft Cathedral!,2013-04-21,58,467963,14906,1319,short
6z5RwrvnH28,Huge WW2 jeep! Minecraft creations.,2013-04-21,64,661547,19486,2069,video
ivdQqobHDPc,Story time!,2013-04-18,193,669016,21280,1668,video
uUIlb2rpIuY,Epic Minecraft city! (w/ download link!),2013-04-11,154,411766,11927,1135,video
Ros1PpcO5Js,Pokemon online battle #9 [rb] Hidden power ice ftw!,2013-04-07,319,213081,8103,833,video
KYv1nqutbK0,Pokemon online battle #8 Stone edge,2013-04-05,327,206992,9195,1694,video
7Yi-ctyTNU4,Online pokemon battle #7 [uu] 5-0,2013-04-04,261,263284,10608,975,video
VN2-3OfUzd8,Magic karp sweeps whole team of LEGENDARIES!!!,2013-04-01,215,215222,8172,966,video
-2IFrMOM36w,Pokemon online battles #5 [uu] Heracross never seems to dissapoint me...,2013-03-31,268,214514,9233,1278,video
7dIFHQkrASM,This is a detailed break down of my favorite UU team... ENJOY!,2013-03-29,564,229615,9058,1066,video
QicO1Gd0kvU,Pokemon online battle #4 [uu] Same old team,2013-03-28,279,273930,0,1123,video
yFfcsmK2TOA,Online pokemon battle #3 [uu] Ice punch,2013-03-27,205,226412,0,1471,video
Jl0-6tbNGBo,Pokemon online battle #2 [uu] Herracross w/ Dat MOXIE BOOST,2013-03-26,169,333075,0,1297,video
IAbX0FwX-GY,Why I Haven't Been Uploading,2013-03-25,363,897709,0,1862,video
XKSJRulqDNA,Most Epic Thing In Minecraft!?!?!?!?!?!!?????,2013-03-10,273,478334,18407,1957,video
jysfHFHNjYQ,Epic minecraft apartment complex!,2013-01-27,53,606813,23634,2380,short
Yox25V8Qsm4,Crazy Illulsions In Minecraft. (Bigre),2013-01-27,155,747823,25739,2708,video
clcN3OA8SNw,Best Minecraft Castle Ever?,2013-01-27,222,441925,20269,2402,video
m3lTwO0aNyw,How to get unlimited diamonds! minecraft (x-ray),2013-01-26,134,638103,25596,2397,video
gchqnwXlxJw,Drinks in minecraft (mod),2013-01-26,43,619944,0,2045,short
atCPtw4dg7g,Emerald tool mod! (minecraft),2013-01-23,49,601431,26317,2467,short
t8aM4HuVLrQ,This is a block? Since when lol.,2013-01-21,52,938414,34598,4465,short
M82VAcabSiA,Scary minecraft pig skin!,2013-01-13,29,1178773,38746,3431,short
7qj3nuF9Dzw,Most Epic minecraft skin EVER  (Psy),2013-01-13,31,1350133,46040,3924,short
Y74b7WlcEpk,More birds IN MINECRAFT!!,2013-01-12,126,1464719,50800,4100,video
Z8nEEdXTaX0,Boxy item mod Minecraft.  EPIC,2013-01-12,90,1718385,59863,4573,video
jP82d277Cc8,Harry Potter Mod In Minecraft! EPIC MUST SEE MOD!!!,2012-03-09,239,6614025,0,10134,video
2XVcLrB7B3Y,Worst Minecraft Saw Trap Ever???,2012-02-20,157,34230981,1404384,155697,video
