videoId,title,date,duree_sec,vues,likes,commentaires
pzxtGL9kzPs,Try Not To Get Slimed,2026-04-24,32,41032003,540885,8492
yy-Nt0dRhNI,Winner Picks Our Honeymoon,2026-04-21,52,66273268,1314380,14046
mFWpUx3FiyU,Guess The Animal,2026-04-17,45,97540332,1607008,9607
6W_841xoprg,Can a Window Stop a Wrecking Ball?,2026-04-14,30,59634073,1392328,10335
VIJLIo5yT1I,Don’t Eat The Spicy Yoshi Egg,2026-04-10,56,82481560,1531446,10869
uNu6XEPTy5g,$1 or Mystery Vial?,2026-04-07,35,37272992,1173112,13106
_JUlWtSCNbs,Who's The Strongest Streamer?,2026-04-03,26,231874206,4087520,14464
AKC50SZQFN8,Spreading Rumors About Streamers,2026-04-02,36,12713974,356030,7156
897gvApD6V4,Will a Zebra Subscribe to me?,2026-04-01,8,518412106,2559733,17820
Z9NxQdQ8Rpg,"Bring Me A Glass Of Water = Win $10,000",2026-03-26,41,22108982,673774,12755
jCE1Ol3PYDs,"I Hid $1,000,000 In This Vault",2026-03-20,58,35136281,1452604,16174
IqL-ZunFfpk,"Pop The Balloons, Win $10,000",2026-03-17,22,75205529,1419210,12149
IcuJ3vO_t3k,Would You Steal Money From A Stranger?,2026-03-06,27,73096700,1898469,10320
c9VS_cgInT4,"Subscribe, I’ll Double Your Bank Account",2026-02-28,31,193107361,2160248,20869
KaUuPNYHFNg,I Built a School in Mexico,2026-02-22,40,19772738,769247,14155
hjkbqeWQAM8,"Every Step You Take, Win $1,000",2026-02-18,42,93179293,1404924,8725
XbaZ45LVzzM,Surprising My Fiancée With A Chocolate Heart,2026-02-12,37,80344863,1983605,16055
gar4U3n-ILY,Guess What Age Punched You,2026-02-09,37,282407798,4104630,29072
toIeUtplfWQ,Is Being Smart or Strong Better?,2026-02-06,40,118907117,2279146,8628
_sBRk9ADpK8,"Flip a Coin, Win $30,000",2026-01-27,47,1019318982,7804495,36763
kNLr-cduzuo,Wait... Was He Famous?,2026-01-25,14,146222562,3393690,30146
wSh8fAFWEWs,Survivor vs Beast Games,2026-01-16,28,33615339,831484,14230
3GNyw4uaAqU,Subscribe for an iPhone,2026-01-13,15,1214763832,6705388,176608
ywIcdSNJolo,Pass the Phone,2026-01-09,23,78381570,1789378,13139
mktYW177p6U,Guess the Animal,2026-01-06,53,395163568,5315185,18623
7aE4EhHXzlA,I Paid Everyone Stuck in Traffic,2025-12-26,27,97151499,2726137,40554
IJkB-oapuks,"Giving Away $1,000,000 in Gifts To My Subscribers",2025-12-21,19,1219077792,8497234,194736
RB71Z-vVvCc,"Find The Real Celebrity, Win $10,000",2025-12-19,33,205808240,4065145,14644
fO5FwBcCJBY,"Would You Date Him for $10,000?",2025-12-12,33,147238554,3630433,23799
U-x6KxH1kB4,How Many People to Pull a Plane?,2025-12-06,27,44136864,907834,13639
SE9xF1l3ZwE,"Hit The Target, Keep The Prize",2025-12-05,26,53720005,1187533,10073
rF00lQ_upzg,"Whatever You Hold Onto, You Keep",2025-12-02,26,67092197,906390,11673
uZY9xr-QAk0,"Flip a Coin, I’ll Pay For Your College",2025-11-28,34,287111047,4813751,23208
AWBsoArakNY,Who Has The Fastest Reaction Time?,2025-11-25,31,82050937,1750259,8457
HISfrcjiNPM,I Surprised 50 Make-A-Wish Kids With Disneyland,2025-11-21,29,44996794,1032467,13211
WROMyJAJmp4,Can I Beat An F1 Driver?,2025-11-18,11,321178457,2810563,12599
tAwzBYE18Us,How I Became MrBeef,2025-11-16,46,38104221,1385088,17882
LyFMbY-c_Lc,I Raced Noah Lyles,2025-11-14,32,368945986,4399756,11457
R7MkZL5i3FQ,Giving Trick-or-Treaters Weirder and Weirder Gifts,2025-11-07,27,178468349,1853678,13087
PryTbmudhS8,Can We Stop World's Best Tennis Player,2025-10-31,23,100732165,1561839,12084
yWEUL3crU_E,I Baked a Cake In a Race Car,2025-10-21,38,45777223,838832,7949
JgJrQnDIRgg,"First to Answer the Phone, Wins $10,000",2025-10-17,46,70598834,2080418,10113
gtkqnhN0VkU,"Answer The Door, Win $10,000",2025-10-14,31,92214750,2626684,55845
oiZvK6MY7tI,"Call Your Ex, Win $10,000",2025-10-07,34,122040782,3020656,11038
686PL7rt654,World’s Fastest Dinner Date,2025-10-03,34,295401626,3892217,13676
NfhuGUyWYfQ,Would Your Grandma Go Skydiving?,2025-09-26,42,94295184,2549326,9190
wIpWCJKfRXs,I Cooked A Pizza With Power Tools,2025-09-23,40,601683820,10274682,54060
9Xeepzg1B8I,Which Celebrity Punches The Hardest?,2025-09-19,47,175229448,3452840,10345
50G0kIty7Cg,"Answer The Call, Win $10,000",2025-09-16,39,936096262,9718903,25548
3ih2bPKSWsQ,I Arrested IShowSpeed,2025-09-12,35,92766091,2526454,7363
uA9Zcg3vHvo,I Raced IShowSpeed,2025-09-01,47,536688586,8912928,11792
MOGW3v3pJ5Y,1 Subscriber = 1 Penny Donated,2025-08-29,18,625115828,23234626,31409
XNtTO_339kU,"Pick The Wrong Tube, Get Slimed",2025-08-27,36,142225683,3112967,9371
rB9NynBZ4go,Reaction Time Challenge,2025-08-19,29,147427109,2224448,11300
R_BmT1OJw98,Every YouTube Play Button I Have,2025-08-15,15,262292041,3763599,22422
vpRW4JhzfSE,1 Subscriber = 1 Second In The Arctic,2025-08-08,17,100143791,2851500,12453
qXW93Cois2s,Guess What Hit You,2025-08-05,32,92688996,1530461,6618
r7f0L48dHpc,$1  = One Year of Clean Water,2025-08-02,32,154988846,4336893,18528
zxuICI0kL3s,"Don’t Turn Around, Win $10k",2025-07-31,31,451425123,7733518,11971
R1SFXJo-FlE,Subscribe To Explode The TNT,2025-07-29,19,317141399,4855964,13857
EiFcNbXBqeo,Jet Engine vs Human for $10k,2025-07-20,24,152561393,2357232,7202
R7oW0LwS_e4,I Met Neymar,2025-07-11,10,117205410,1901181,16435
BfKI_TQnQvo,I Raced A Cheetah,2025-07-06,20,152516118,3272924,14668
NjlP2_l1Wr0,"You Lose, You Get Shot",2025-06-30,36,111546083,1830560,6772
gGcaGdHlt60,"If You Spill, You Lose!",2025-06-25,19,444647874,3926051,8147
V6In4tmd-w8,"$1 vs $25,000 VFX",2025-06-19,23,109367429,2566865,14270
ZGvn9ywXjpY,Feastables vs Reese’s Taste Test with @gordonramsay,2025-06-10,33,488012932,7901666,24369
KCRLP-zBacU,Can I Teach a Penguin To Subscribe?,2025-05-31,9,857662626,8361037,20945
c2ukL_zjFCk,Extreme Helmet Game,2025-05-28,32,198316618,3671059,7905
7qY-qalCI2Y,"Grab The Rolex, Keep It!",2025-05-21,23,229211791,3334417,10184
N0pwLtonPdg,Slippery vs Sticky Stairs,2025-05-16,36,841831952,9124629,30167
0yPgljFcTR4,"Subscribe to Win $50,000",2025-05-07,15,94113498,4440172,169227
TN1wErFGTzM,"Find This Key, Win $10,000",2025-05-05,39,59340106,1762965,8126
3dxksf0CzS8,World’s Fastest Robbers,2025-05-02,32,339420543,6196103,15422
M1STzb7k9L8,Extreme Helmet Game,2025-04-25,23,238803063,2422252,5401
7K-yxGWYsnk,"$10,000 Human Shuffleboard",2025-04-22,40,580887369,6666483,5727
Tbn4cYCaZCk,"Drift This Car, Win $10,000",2025-04-16,20,539676818,6814205,11493
Uxc84UUrVHk,You Can Stop Child Labor,2025-04-11,58,113438991,4259946,27205
BzKaMelDzqo,How Fast Can I Go?,2025-04-05,18,185799438,2885290,9249
4yx9ZJDfyKk,Baseball Tic Tac Toe vs MLB Pro,2025-03-27,27,71075057,1590840,7521
kPa_S6jN9ls,Could You Win This Obstacle Course?,2025-03-25,34,114413486,1988675,10493
69g-YcbmgQA,"Find Your Dog, Win $10,000",2025-03-23,36,561771369,12487968,11774
TNtpUQbW4mg,This Is How The Pyramids Were Built,2025-03-18,13,400022073,8865155,24925
TgCm8oDmxOk,I Crashed One Of The Most Expensive Cars In The World,2025-03-14,16,120768703,2630660,7387
954wJ3uHVAk,Last One To Fall Wins,2025-03-08,30,153424885,4141565,8806
PXevNM0awlI,"Highest Away From Me Wins $10,000",2025-02-28,50,624655780,12209796,13261
PuQ5UxKUY48,"Find The Human, Win $10,000",2025-02-24,41,370961720,7759128,9380
nAiKLoCP-kU,"Reach the Money, Win $10,000",2025-02-14,25,524564458,7966103,10652
MFpWEKN9c6Y,"Last Person Hanging Wins $10,000",2025-01-21,43,598502119,13379004,16893
TRxMLLuWIhw,Subscribe For An iPhone,2025-01-17,17,294530781,28191018,232704
EvqtfK_RaRg,This obstacle course is WILD,2025-01-10,32,222256068,3987490,5681
3cWm9B_0_kI,How Many People To Stop Ronaldo?,2024-12-27,21,593634320,12417049,31019
qtWqHIx8Z-o,"Last Person Standing Wins $10,000",2024-12-22,48,685477715,13683162,10890
DBPYB8WkkDc,Bring Me Back Snow From The North Pole,2024-12-10,55,727306924,18840830,16269
zvBXpoBegwE,I Got T-Series To Subscribe To Me,2024-12-09,31,222100509,8639677,17231
SWc8fI_9iqA,Ronaldo Teaches Me How To SIUU,2024-12-01,15,373964800,9534651,37350
HcL1EQ5qD_g,Confronting Ronaldo,2024-11-29,21,271693364,13226609,33255
dc089EZRGcg,How Many Balloons To Make A Store Fly?,2024-11-18,22,509725811,10885300,14190
vXNtju4VFm4,Restocking MrBeast Labs at Walmart,2024-11-18,36,414890422,6488513,2750
I9mw5UlDyPI,This Game Is Wild...,2024-11-12,19,709430169,13547365,9525
pS-fFdvyHLE,How Much Tape To Stop A Lamborghini?,2024-11-08,15,762606051,13988598,21181
9UtcHPCEBgg,1 Subscriber = 1 Penny,2024-10-19,17,425383223,17650441,32491
ZNt_GoOBHq8,Human vs Jet Engine,2024-10-17,19,582224987,13771998,21008
dDVFnfCwjHA,Will A Basketball Boat Hold My Weight?,2024-10-11,30,395721332,10207106,7543
Kt2HvqRruHQ,"Find The Real MrBeast, Win $10,000",2024-10-05,37,380253216,10841115,12187
vDrSCXFMAKk,"Spot The Difference, Win $10,000",2024-09-28,58,280389980,8476178,7658
nbzQdlWrcnk,Running With Bigger And Bigger Lunchlys,2024-09-20,18,376380738,8467574,11380
8krJy31Diow,Holding Bigger And Bigger Dogs,2024-09-16,17,347839806,8226110,11157
Jo7sfpeWqwE,Will A Guitar Boat Hold My Weight?,2024-09-05,20,770055501,18127923,15815
QtD-CeUdRUQ,"Real Or Cake For $10,000",2024-08-29,37,256816563,8046908,21190
AydS-vA3qa4,Running With Bigger And Bigger Feastables,2024-08-15,17,446120871,12294979,31926
8bTQMDM4qvY,"Spot The Fake Animal For $10,000",2024-07-19,40,650919784,17355448,29742
DBw0oD38z0Q,This Game Is Wild,2024-07-17,21,239150161,6257419,11077
lkCRPp7cnP8,How Many Balloons Does It Take To Fly?,2024-07-10,18,541820449,20372356,51383
T8I165Qxeo8,Sprinting with More and More Money,2024-05-30,29,322947485,11971575,86647
i-9V21MqlhY,Giving 1000 Phones Away,2024-05-28,18,390816050,23243507,825831
YyNz4--6fro,World’s Smartest Dog,2024-05-16,12,288970710,10768961,35478
f0cXJ6mJxGc,Bottle Head Smashing World Record Attempt!,2024-05-14,38,544743974,12865093,52256
oA4LSZvX4iE,Ages 1-100 Try My Chocolate,2024-05-09,39,285533862,10007679,36035
ZKxnjszkZto,"Spot The Hidden People For $10,000",2024-05-08,35,205589792,6469466,12454
snUyLbGx6U4,"Buy Feastables, Win Unlimited Money",2024-04-30,51,493586686,13651452,35544
CWbV3NItSdY,The World's Fastest Cleaners,2024-04-25,35,724513409,26528413,44124
XE1Qyss8GIY,"Guess The Gift, Keep It",2024-04-09,46,599280342,19724637,25618
6GzHPS0rEgc,"I’m Giving My 250M Subscriber $25,000",2024-04-06,21,348120953,10783183,59857
imhY0pe-Sd8,"Anything You Touch, You Keep!",2024-04-02,48,302425947,10865184,16832
OnTTThIzuNU,"Keep Track Of Car, Win $10,000",2024-03-19,51,179013088,7899345,92364
sH48lKbayNU,Unboxing My 200M Subscriber Play Button,2024-02-29,46,250021678,14581753,54492
AFXoSFNMwIA,I Filled Chandler’s Car With Feastables,2024-02-27,38,460565321,14870516,29149
k194wHZHjB0,Most Expensive Hand Model Holds Feastables,2024-02-24,22,705981101,13014703,12260
AjwAdtlRKf8,"Buy Feastables, Win $10,000",2024-02-17,41,468019317,16404740,36640
ZVt9ZJfWV1c,"Feeding A Dog $1 vs $10,000 Steak",2023-12-14,27,597390466,15824944,31624
rWBOITBjitE,Could You Walk Up A Skyscraper?,2023-12-05,50,497899117,15724382,30738
AjZDwxt7S8w,I Gave Away A House On Halloween,2023-11-10,48,354731696,13679448,36723
aZnqqXaT02g,Giving Car Keys Instead Of Candy On Halloween,2023-11-09,32,395562197,10842709,14924
l9_8_pDTmis,"Furthest Away From Me Wins $10,000",2023-11-02,48,704525886,22054497,40167
n7x4Jj9pdH8,World’s Most Expensive Bed,2023-10-31,48,544735427,21742740,38231
jGAJCAuV3pQ,World’s Most Expensive Coffee,2023-10-19,33,283064665,11391551,28808
c0v8OPItCOg,"$100,000,000 Bathroom",2023-10-17,50,371237754,12760169,23479
IemzxkkzI5s,I Tipped A Pizza Delivery Driver A Car,2023-10-12,52,700177471,26871688,35809
bvlFjrcpD6s,I NEED 1 MORE 𝗦𝗨𝗕𝗦𝗖𝗥𝗜𝗕𝗘𝗥,2023-10-05,23,476324383,30492061,82891
AZlBZuS4hr0,"Guess The Gift, Keep It",2023-10-03,45,981959355,25974039,22934
Gx6VeIIbWwM,"Spot The Hidden People For $10,000",2023-09-28,35,763329825,22029363,31652
CAOY8EKH1qU,I Paid A Random Student’s College Tuition,2023-09-26,37,493597906,24820988,60603
IQxea9UB1nQ,"$100,000,000 Car Doors",2023-09-19,29,1302957949,29917780,42245
zgLhCT7aFCA,Extreme Home Makeover!,2023-09-12,57,423560451,20104764,48443
L5kIXRdwGAI,Katana Vs Bullet,2023-09-07,41,1160555188,38302069,53793
19NmWqv4Alk,How Many School Buses Can We Stack?,2023-09-05,45,515792846,15600012,29466
SGzWIoLAzmY,"Feeding A Cat $10 Vs $10,000 Sushi",2023-08-31,31,402870991,14091665,32345
NnNZLCl78Ao,"Make This Kick, Win Super Bowl Tickets",2023-08-25,52,140458975,5196094,9146
NTZhwAldqwg,Metal Pipe Vs School Bus,2023-08-22,28,530139655,13863181,29374
mKIhHNznt4s,Can You Beat A Girl In Arm Wrestling?,2023-08-17,52,583541372,21225360,39768
O3YVBJ2n5xg,I Ate The World’s Most Poisonous Fish,2023-08-08,32,535790786,22105912,41021
CP82DAKzL1U,I Traded My Car At a Red Light,2023-07-15,47,714862460,27079142,42211
stUofW3whpE,I Buried Treasure in the Bermuda Triangle,2023-07-06,53,523831091,25983126,38040
ooAwCOP67GQ,Do Pawnshops Scam You?,2023-06-03,33,455784664,16773232,26435
ykRq_rp7NhM,I Got Naruto to Subscribe to Me,2023-05-20,20,322453453,13388483,24500
8kggT2ej-lo,Would You Pet a Cheetah in Africa?,2023-05-01,39,927834398,28845498,38732
GGBy50KtvRk,Tipping A Waitress A Car,2023-04-22,38,741955009,30096227,70207
Y4-gFIfGXiQ,Would you go on a Blind Date in Italy?,2023-04-15,51,571874232,24034352,28962
Y0cBiGUuB1Y,I Sent a Subscriber to Disneyland,2023-03-30,27,647306123,29936404,81045
NPYPXWJBTWM,"$10,000 Girl Scout Cookies",2023-03-11,23,728014871,14266553,19716
lglIQkCHO0g,Do Men Lie About Their Height?,2023-02-14,47,597551665,21969510,29836
se50viFJ0AQ,Would You Fly To Paris For A Baguette?,2022-12-08,48,1701126448,57707025,126316
FD-0KG-h2-c,Gordon Ramsay Tries Most Expensive Chocolate Bar!,2022-11-19,40,853922651,30861970,54856
YlvcFJOE-OE,Giving iPhones Instead Of Candy on Halloween,2022-11-02,40,1748890527,41566814,149176
S_CUEOBZ0P4,"The Rock Vs MrBeast For $100,000",2022-10-21,55,719601972,36254044,80365
Fzh65vCyHWQ,24 HOUR EXPLOSION GIVEAWAY! WIN GIFTCARDS,2016-09-05,0,853246,35407,4554
zCR6DJX7Kak,Walking Dead Daryl DIED (Fan Reaction To Death),2016-03-28,43,187261,5172,534
oo8ve4Ldpck,The Evolution Of My Youtube Banners,2015-11-18,59,80961,2540,402
B_7uD3B62MM,Welcome To My Channel!,2014-08-18,28,91382,2084,197
2ljWxaMvE_0,Hacker in Ghost???? I Couldn't Kill Him.,2014-06-22,36,63878,1817,425
3Q3pQmzWyZM,I Got Really Really Really Bored....,2014-05-24,52,65078,1875,376
67Wj-0OyKOM,Youtube ad.,2014-04-20,38,590162,10662,444
5U2fmvh9_Is,"Battle Pirates, Hellstrike vs Epic Base!",2013-12-24,58,82807,2093,380
xvIpibLjs5k,"Battle Pirates, Another Hellstrike Fail.",2013-12-18,57,82609,2127,370
jlpAON0ePME,Battle pirates Hellstrike fail!,2013-12-18,47,82283,2122,359
vBEGODNmdas,Are Minecraft Faction Has A New Pet! (poopymiscquidlepants),2013-10-31,15,118607,3102,335
ObYLL97-SBA,How To Duplicate Diamonds!!!!,2013-09-15,37,195814,6749,609
v1ELS84GQu8,If This Video Gets One Million Views.....,2013-09-07,46,13366035,1170170,71406
ctJORnOjbrQ,These Were The Good Days....,2013-09-05,52,202083,4918,471
bWDmDsdvoBs,Career Ender ....  LOL,2013-07-28,26,166456,4469,540
X-g9aT2wFjM,Channel Trailer....,2013-07-06,49,298245,10405,925
pl4xmh3RWfE,Amazing minecraft Cathedral!,2013-04-21,58,467963,14906,1319
jysfHFHNjYQ,Epic minecraft apartment complex!,2013-01-27,53,606813,23634,2380
gchqnwXlxJw,Drinks in minecraft (mod),2013-01-26,43,619944,0,2045
atCPtw4dg7g,Emerald tool mod! (minecraft),2013-01-23,49,601431,26317,2467
t8aM4HuVLrQ,This is a block? Since when lol.,2013-01-21,52,938414,34598,4465
M82VAcabSiA,Scary minecraft pig skin!,2013-01-13,29,1178773,38746,3431
7qj3nuF9Dzw,Most Epic minecraft skin EVER  (Psy),2013-01-13,31,1350133,46040,3924
